hs1 	chr16:86,430,087-86,430,726 	LINC00917-FENDRR 	Positive 
hs4 	chr16:80,372,593-80,373,755 	LOC101928248-DYNLRB2 	Positive 
hs12 	chr16:78,510,608-78,511,944 	WWOX-MAF 	Positive 
hs16 	chr16:72,980,900-72,982,545 	ZFHX3(intragenic) 	Positive 
hs20 	chr16:72,738,568-72,740,149 	PMFBP1-ZFHX3 	Positive 
hs22 	chr16:72,254,566-72,255,825 	PMFBP1-ZFHX3 	Positive 
hs23 	chr16:55,424,416-55,425,738 	IRX6-MMP2 	Positive 
hs26 	chr16:55,223,185-55,224,283 	IRX5-IRX6 	Positive 
hs27 	chr16:55,079,237-55,080,429 	IRX5-IRX6 	Positive 
hs37 	chr16:54,650,598-54,651,882 	IRX3-CRNDE 	Positive 
hs43 	chr16:54,575,878-54,577,925 	IRX3-CRNDE 	Positive 
hs51 	chr16:54,323,420-54,324,336 	IRX3-CRNDE 	Positive 
hs52 	chr16:54,143,854-54,144,867 	FTO-IT1-IRX3 	Positive 
hs59 	chr16:53,726,316-53,727,556 	RPGRIP1L(intragenic) 	Positive 
hs65 	chr16:51,958,288-51,959,688 	LOC101927364-C16orf97 	Positive 
hs71 	chr16:51,671,181-51,672,039 	SALL1-LOC101927364 	Positive 
hs72 	chr16:51,657,810-51,658,716 	SALL1-LOC101927364 	Positive 
hs73 	chr16:51,576,725-51,578,101 	SALL1-LOC101927364 	Positive 
hs74 	chr16:51,560,196-51,560,925 	SALL1-LOC101927364 	Positive 
hs76 	chr16:51,231,121-51,232,362 	SALL1-LOC101927364 	Positive 
hs79 	chr16:51,056,311-51,057,592 	LOC101927334(intragenic) 	Positive 
hs101 	chr16:48,912,816-48,914,144 	N4BP1-CBLN1 	Positive 
hs108 	chr16:72,404,533-72,407,591 	PMFBP1-ZFHX3 	Positive 
hs110 	chr7:21,003,280-21,004,750 	RPL23P8-SP4 	Positive 
hs111 	chr7:42,191,728-42,193,638 	GLI3(intragenic) 	Positive 
hs112 	chr9:973,435-975,288 	DMRT1-DMRT3 	Positive 
hs113 	chr11:32,197,490-32,198,734 	RCN1-WT1 	Positive 
hs118 	chrX:24,894,335-24,896,084 	SCARNA23-ARX 	Positive 
hs119 	chrX:24,915,382-24,918,272 	SCARNA23-ARX 	Positive 
hs121 	chrX:25,007,879-25,009,581 	SCARNA23-ARX 	Positive 
hs122 	chrX:25,017,067-25,018,756 	SCARNA23-ARX 	Positive 
hs123 	chrX:25,400,224-25,402,334 	ARX-MAGEB18 	Positive 
hs124 	chr16:49,094,466-49,095,242 	N4BP1-CBLN1 	Positive 
hs126 	chr13:71,343,609-71,344,868 	ATXN8OS-LINC00348 	Positive 
hs129 	chr13:71,774,848-71,775,368 	LINC00348-DACH1 	Positive 
hs131 	chr13:72,771,271-72,773,876 	DACH1-MZT1 	Positive 
hs135 	chr13:73,149,054-73,150,028 	DACH1-MZT1 	Positive 
hs137 	chr13:72,300,849-72,302,934 	DACH1(intragenic) 	Positive 
hs138 	chr13:72,425,787-72,428,335 	DACH1(intragenic) 	Positive 
hs141 	chr13:73,001,083-73,003,053 	DACH1-MZT1 	Positive 
hs142 	chr13:73,081,447-73,083,754 	DACH1-MZT1 	Positive 
hs145 	chrX:25,018,871-25,020,532 	SCARNA23-ARX 	Positive 
hs149 	chr2:45,106,927-45,107,653 	MIR548AD-SIX3-AS1 	Positive 
hs151 	chr16:55,329,289-55,330,760 	IRX5-IRX6 	Positive 
hs152 	chr16:51,147,012-51,148,642 	LOC101927334-SALL1 	Positive 
hs155 	chr16:53,948,201-53,949,846 	FTO(intragenic) 	Positive 
hs156 	chr16:53,994,058-53,995,943 	FTO(intragenic) 	Positive 
hs157 	chr16:53,986,630-53,988,193 	FTO(intragenic) 	Positive 
hs161 	chr16:52,446,050-52,447,237 	LOC102467079-TOX3 	Positive 
hs162 	chr16:50,869,692-50,871,098 	CYLD-LOC101927334 	Positive 
hs168 	chr1:63,443,534-63,444,884 	ATG4C-LINC00466 	Positive 
hs169 	chr1:63,464,282-63,465,717 	ATG4C-LINC00466 	Positive 
hs170 	chr2:164,450,144-164,451,758 	LOC101929570-FIGN 	Positive 
hs174 	chr1:87,821,621-87,823,082 	LOC100505768(intragenic) 	Positive 
hs181 	chr15:37,240,805-37,242,498 	MEIS2(intragenic) 	Positive 
hs186 	chr9:129,198,400-129,200,739 	NRON-LMX1B 	Positive 
hs187 	chr3:71,290,418-71,292,584 	FOXP1-MIR1284 	Positive 
hs188 	chr13:72,345,980-72,348,230 	DACH1(intragenic) 	Positive 
hs189 	chr13:95,618,516-95,619,850 	LOC101927284-ABCC4 	Positive 
hs191 	chr5:91,036,888-91,038,899 	ARRDC3-AS1-NR2F1-AS1 	Positive 
hs192 	chr3:180,773,639-180,775,802 	DNAJC19-SOX2-OT 	Positive 
hs194 	chr1:51,034,546-51,036,289 	FAF1(intragenic) 	Positive 
hs195 	chr8:106,333,530-106,334,859 	ZFPM2(intragenic) 	Positive 
hs200 	chr1:51,165,195-51,166,786 	FAF1(intragenic) 	Positive 
hs204 	chr1:213,597,964-213,599,524 	RPS6KC1-LINC00538 	Positive 
hs205 	chr2:66,297,527-66,299,214 	SPRED2-MIR4778 	Positive 
hs208 	chr3:136,982,707-136,984,175 	IL20RB-SOX14 	Positive 
hs209 	chr3:137,047,544-137,049,271 	IL20RB-SOX14 	Positive 
hs210 	chr3:137,067,622-137,068,925 	IL20RB-SOX14 	Positive 
hs213 	chr3:147,049,536-147,051,100 	PLSCR5-ZIC4 	Positive 
hs215 	chr5:50,335,050-50,336,643 	LOC100287592-LOC642366 	Positive 
hs217 	chr6:51,148,668-51,149,710 	TFAP2B-PKHD1 	Positive 
hs218 	chr7:114,056,847-114,058,647 	FOXP2(intragenic) 	Positive 
hs222 	chr7:114,295,109-114,296,373 	MIR3666-MDFIC 	Positive 
hs229 	chr10:102,546,590-102,548,095 	PAX2(intragenic) 	Positive 
hs230 	chr5:158,340,962-158,342,611 	EBF1(intragenic) 	Positive 
hs232 	chr10:131,691,086-131,692,848 	MIR4297-LINC00959 	Positive 
hs234 	chr11:31,685,357-31,686,884 	ELP4(intragenic) 	Positive 
hs236 	chr11:16,316,207-16,317,562 	MIR6073-C11orf58 	Positive 
hs238 	chr1:38,560,194-38,561,606 	MIR3659-LOC339442 	Positive 
hs240 	chr9:83,727,123-83,728,378 	TLE4-TLE1 	Positive 
hs241 	chr1:10,965,129-10,966,144 	CASZ1-C1orf127 	Positive 
hs242 	chr2:174,114,371-174,115,933 	MLK7-AS1(intragenic) 	Positive 
hs243 	chr2:174,985,544-174,987,464 	OLA1(intragenic) 	Positive 
hs244 	chr2:174,988,737-174,990,363 	OLA1(intragenic) 	Positive 
hs246 	chr2:176,940,070-176,941,410 	KIAA1715-EVX2 	Positive 
hs248 	chr2:177,503,157-177,503,671 	LOC102724224(intragenic) 	Positive 
hs249 	chr2:237,071,364-237,071,848 	AGAP1-GBX2 	Positive 
hs250 	chr3:18,169,362-18,170,237 	LOC339862(intragenic) 	Positive 
hs253 	chr3:114,433,184-114,435,415 	ZBTB20-AS1-MIR4796 	Positive 
hs258 	chr3:180,436,427-180,437,958 	LOC101928882(intragenic) 	Positive 
hs259 	chr4:13,009,318-13,010,327 	HS3ST1-RAB28 	Positive 
hs260 	chr4:105,345,575-105,346,895 	TACR3-CXXC4 	Positive 
hs261 	chr5:3,511,978-3,513,399 	LOC102467075-IRX1 	Positive 
hs262 	chr5:76,940,836-76,941,396 	OTP-TBCA 	Positive 
hs266 	chr5:87,168,414-87,169,433 	CCNH-TMEM161B 	Positive 
hs267 	chr5:87,239,942-87,241,645 	CCNH-TMEM161B 	Positive 
hs268 	chr5:87,692,154-87,693,265 	TMEM161B-AS1(intragenic) 	Positive 
hs269 	chr5:90,928,612-90,929,226 	ARRDC3-AS1-NR2F1-AS1 	Positive 
hs271 	chr5:93,226,985-93,228,322 	POU5F2-KIAA0825 	Positive 
hs277 	chr1:44,715,420-44,716,129 	ERI3-IT1-RNF220 	Positive 
hs278 	chr5:170,627,990-170,630,018 	RANBP17(intragenic) 	Positive 
hs280 	chr1:44,989,824-44,991,149 	RNF220(intragenic) 	Positive 
hs281 	chr6:41,523,224-41,523,677 	FOXP4(intragenic) 	Positive 
hs282 	chr6:98,116,085-98,116,943 	LOC101927314(intragenic) 	Positive 
hs284 	chr6:98,719,759-98,720,510 	MIR2113-POU3F2 	Positive 
hs289 	chr1:10,732,070-10,733,118 	CASZ1(intragenic) 	Positive 
hs293 	chr7:1,265,154-1,266,318 	LOC101927021-UNCX 	Positive 
hs294 	chr7:21,811,370-21,812,002 	DNAH11(intragenic) 	Positive 
hs296 	chr7:26,728,697-26,729,802 	SKAP2(intragenic) 	Positive 
hs297 	chr7:31,401,914-31,403,016 	NEUROD6-CCDC129 	Positive 
hs298 	chr7:96,633,582-96,634,303 	DLX6-AS1(intragenic) 	Positive 
hs302 	chr8:37,249,594-37,251,182 	KCNU1-ZNF703 	Positive 
hs304 	chr9:8,095,553-8,096,166 	TMEM261-PTPRD 	Positive 
hs305 	chr9:13,939,547-13,940,363 	LINC00583(intragenic) 	Positive 
hs307 	chr9:16,710,536-16,711,184 	BNC2(intragenic) 	Positive 
hs309 	chr9:23,496,285-23,497,394 	LINC01239-ELAVL2 	Positive 
hs311 	chr1:63,369,349-63,370,894 	ATG4C-LINC00466 	Positive 
hs312 	chr9:81,471,747-81,473,114 	PSAT1-LOC101927450 	Positive 
hs313 	chr9:81,870,622-81,872,224 	LOC101927450-TLE4 	Positive 
hs314 	chr9:126,537,718-126,539,929 	MIR7150-LHX2 	Positive 
hs320 	chr10:77,726,861-77,727,618 	C10orf11(intragenic) 	Positive 
hs322 	chr1:87,821,793-87,822,910 	LOC100505768(intragenic) 	Positive 
hs326 	chr10:103,266,649-103,267,972 	BTRC(intragenic) 	Positive 
hs327 	chr1:88,926,796-88,928,508 	LOC100505768-LOC101927891 	Positive 
hs329 	chr10:124,851,813-124,853,071 	ACADSB-HMX3 	Positive 
hs330 	chr10:126,905,322-126,906,003 	MIR4296-TEX36-AS1 	Positive 
hs335 	chr11:131,867,949-131,868,377 	NTM(intragenic) 	Positive 
hs336 	chr12:16,715,315-16,716,360 	LMO3(intragenic) 	Positive 
hs341 	chr13:95,618,464-95,619,819 	LOC101927284-ABCC4 	Positive 
hs342 	chr14:29,860,529-29,862,348 	C14orf23-MIR548AI 	Positive 
hs348 	chr14:36,020,024-36,020,998 	RALGAPA1(intragenic) 	Positive 
hs355 	chr15:36,819,021-36,820,695 	MIR4510-C15orf41 	Positive 
hs357 	chr15:57,425,244-57,425,958 	TCF12(intragenic) 	Positive 
hs358 	chr15:67,665,164-67,665,685 	IQCH-IQCH-AS1 	Positive 
hs359 	chr15:70,391,576-70,392,613 	MIR629-UACA 	Positive 
hs362 	chr17:35,011,848-35,012,557 	MRM1-LHX1 	Positive 
hs363 	chr17:35,329,349-35,329,944 	AATF(intragenic) 	Positive 
hs367 	chr18:22,692,416-22,693,640 	ZNF521(intragenic) 	Positive 
hs369 	chr18:22,864,753-22,866,457 	ZNF521(intragenic) 	Positive 
hs371 	chr18:35,063,482-35,064,528 	CELF4(intragenic) 	Positive 
hs376 	chr18:53,089,625-53,091,079 	TCF4(intragenic) 	Positive 
hs378 	chr18:72,357,475-72,358,333 	ZNF407(intragenic) 	Positive 
hs381 	chr19:30,494,614-30,495,503 	URI1(intragenic) 	Positive 
hs382 	chr19:30,565,950-30,567,016 	URI1-ZNF536 	Positive 
hs383 	chr19:30,767,058-30,768,273 	URI1-ZNF536 	Positive 
hs384 	chr19:31,002,941-31,004,262 	ZNF536(intragenic) 	Positive 
hs385 	chr19:31,587,058-31,588,070 	ZNF536-TSHZ3 	Positive 
hs388 	chr2:7,774,393-7,775,070 	LOC100506274-LOC101929551 	Positive 
hs389 	chr1:10,781,239-10,781,744 	CASZ1(intragenic) 	Positive 
hs393 	chr2:59,198,905-59,200,529 	LINC01122(intragenic) 	Positive 
hs394 	chr2:59,746,377-59,746,992 	LOC101927285-MIR4432 	Positive 
hs399 	chr2:60,441,495-60,442,515 	LOC101927285-MIR4432 	Positive 
hs401 	chr2:104,736,518-104,737,365 	TMEM182-LOC100287010 	Positive 
hs407 	chr2:145,188,099-145,189,812 	ZEB2(intragenic) 	Positive 
hs408 	chr1:10,851,570-10,852,173 	CASZ1(intragenic) 	Positive 
hs411 	chr2:156,726,581-156,727,605 	KCNJ3-AC093375.1 	Positive 
hs413 	chr2:157,551,014-157,551,952 	GPD2-GALNT5 	Positive 
hs415 	chr2:157,899,792-157,900,721 	GPD2-GALNT5 	Positive 
hs416 	chr2:162,094,895-162,095,451 	LOC101929512(intragenic) 	Positive 
hs421 	chr2:164,843,797-164,844,783 	FIGN-GRB14 	Positive 
hs422 	chr2:172,955,879-172,957,052 	DLX1-DLX2 	Positive 
hs426 	chrX:81,788,884-81,790,571 	SH3BGRL-POU3F4 	Positive 
hs427 	chrX:139,169,379-139,171,545 	CXorf66-LOC389895 	Positive 
hs428 	chr14:26,377,372-26,378,803 	STXBP6-NOVA1 	Positive 
hs430 	chr19:30,840,299-30,843,536 	URI1-ZNF536 	Positive 
hs433 	chr14:30,741,750-30,743,626 	PRKD1-G2E3 	Positive 
hs434 	chr3:62,350,726-62,351,718 	C3orf14-FEZF2 	Positive 
hs435 	chr3:62,359,866-62,360,569 	FEZF2-CADPS 	Positive 
hs442 	chr1:83,345,366-83,346,271 	LPHN2-LOC101927498 	Positive 
hs461 	chr7:35,454,800-35,456,218 	LOC401324-HERPUD2 	Positive 
hs463 	chr7:35,505,184-35,506,342 	LOC401324-HERPUD2 	Positive 
hs466 	chr7:35,268,514-35,269,380 	TBX20(intragenic) 	Positive 
hs472 	chr7:35,458,551-35,459,522 	LOC401324-HERPUD2 	Positive 
hs480 	chr20:30,191,716-30,192,554 	HM13-AS1-ID1 	Positive 
hs483 	chr12:115,124,394-115,125,300 	TBX3-MED13L 	Positive 
hs484 	chr10:77,164,564-77,165,639 	ZNF503-AS2(intragenic) 	Positive 
hs486 	chr22:38,394,345-38,395,199 	MIR4534-PICK1 	Positive 
hs488 	chr13:95,358,263-95,360,017 	GPR180-SOX21 	Positive 
hs491 	chr22:38,429,240-38,430,515 	MIR4534-PICK1 	Positive 
hs492 	chr22:38,442,140-38,442,879 	MIR4534-PICK1 	Positive 
hs495 	chr10:92,690,021-92,690,674 	ANKRD1-LINC00502 	Positive 
hs502 	chr18:19,773,983-19,774,532 	GATA6(intragenic) 	Positive 
hs503 	chr5:88,548,400-88,550,500 	MEF2C-AS1-MIR3660 	Positive 
hs508 	chr8:11,604,182-11,604,695 	GATA4(intragenic) 	Positive 
hs511 	chr10:103,527,193-103,528,393 	FBXW4-FGF8 	Positive 
hs513 	chr10:103,540,180-103,541,030 	FGF8-NPM3 	Positive 
hs515 	chr22:19,749,356-19,750,055 	TBX1(intragenic) 	Positive 
hs516 	chr5:44,389,166-44,390,467 	FGF10-AS1(intragenic) 	Positive 
hs521 	chr2:236,773,458-236,774,696 	AGAP1(intragenic) 	Positive 
hs522 	chr2:121,832,418-121,833,317 	GLI2-TFCP2L1 	Positive 
hs526 	chr4:1,613,479-1,614,106 	NKX1-1-FAM53A 	Positive 
hs529 	chr9:17,322,200-17,324,371 	CNTLN(intragenic) 	Positive 
hs532 	chr13:28,395,961-28,397,536 	GSX1-PDX1-AS1 	Positive 
hs533 	chr5:3,186,439-3,187,926 	LOC102467074-LINC01019 	Positive 
hs536 	chr19:32,452,701-32,453,894 	THEG5-CTC-360P9.3 	Positive 
hs540 	chr13:71,358,093-71,359,507 	ATXN8OS-LINC00348 	Positive 
hs541 	chr2:45,030,569-45,032,739 	MIR548AD-SIX3-AS1 	Positive 
hs543 	chr5:50,960,132-50,961,567 	ISL1-PELO 	Positive 
hs545 	chr1:243,876,467-243,877,893 	AKT3(intragenic) 	Positive 
hs546 	chr5:92,811,465-92,813,217 	NR2F1-AS1(intragenic) 	Positive 
hs550 	chr7:13,506,207-13,507,276 	ARL4A-ETV1 	Positive 
hs553 	chr2:172,936,519-172,938,249 	METAP1D(intragenic) 	Positive 
hs556 	chr9:84,299,210-84,300,117 	TLE1(intragenic) 	Positive 
hs559 	chr4:112,421,802-112,422,905 	PITX2-C4orf32 	Positive 
hs562 	chr10:131,106,522-131,108,742 	MKI67-MGMT 	Positive 
hs563 	chr6:98,491,829-98,493,238 	MIR2113-POU3F2 	Positive 
hs564 	chr22:38,381,623-38,382,457 	SOX10-MIR4534 	Positive 
hs565 	chr11:31,622,822-31,624,118 	ELP4(intragenic) 	Positive 
hs566 	chr14:29,684,896-29,686,744 	C14orf23-MIR548AI 	Positive 
hs567 	chr6:98,461,952-98,463,309 	LOC101927314-MIR2113 	Positive 
hs568 	chr2:146,692,288-146,693,283 	TEX41-PABPC1P2 	Positive 
hs569 	chr1:27,049,620-27,050,905 	ARID1A(intragenic) 	Positive 
hs572 	chr15:37,512,674-37,514,557 	MIR8063-TMCO5A 	Positive 
hs573 	chr2:157,861,101-157,862,409 	GPD2-GALNT5 	Positive 
hs575 	chr13:68,429,117-68,430,526 	PCDH9-AS4-LINC00550 	Positive 
hs576 	chr6:100,657,912-100,659,391 	MCHR2-AS1-SIM1 	Positive 
hs578 	chr10:125,188,987-125,190,075 	BUB3-GPR26 	Positive 
hs579 	chr12:17,824,855-17,826,335 	SKP1P2-RERGL 	Positive 
hs580 	chr2:156,403,022-156,404,115 	KCNJ3-AC093375.1 	Positive 
hs582 	chrX:81,464,240-81,465,016 	SH3BGRL-POU3F4 	Positive 
hs586 	chr5:50,481,472-50,482,478 	LOC100287592-LOC642366 	Positive 
hs590 	chr18:34,719,386-34,720,720 	KIAA1328(intragenic) 	Positive 
hs592 	chr14:36,814,302-36,815,937 	MBIP-SFTA3 	Positive 
hs593 	chr14:37,726,340-37,727,348 	MIPOL1(intragenic) 	Positive 
hs595 	chr10:76,177,765-76,179,000 	ADK(intragenic) 	Positive 
hs598 	chr14:29,927,484-29,928,818 	MIR548AI(intragenic) 	Positive 
hs599 	chr15:37,652,783-37,654,460 	MIR8063-TMCO5A 	Positive 
hs603 	chr5:3,182,218-3,183,271 	LOC102467074-LINC01019 	Positive 
hs605 	chr12:17,657,732-17,659,008 	SKP1P2-MIR3974 	Positive 
hs607 	chr12:16,610,045-16,611,936 	MGST1-LMO3 	Positive 
hs608 	chr5:170,458,792-170,460,097 	RANBP17(intragenic) 	Positive 
hs609 	chr2:147,172,004-147,173,802 	TEX41-PABPC1P2 	Positive 
hs611 	chr12:111,495,397-111,496,252 	CUX2(intragenic) 	Positive 
hs612 	chr1:91,305,562-91,307,215 	BARHL2-ZNF644 	Positive 
hs618 	chr9:85,509,632-85,510,687 	SPATA31D1-RASEF 	Positive 
hs619 	chr13:72,333,516-72,334,988 	DACH1(intragenic) 	Positive 
hs622 	chr14:99,466,200-99,467,144 	C14orf177-BCL11B 	Positive 
hs623 	chr15:57,426,028-57,426,952 	TCF12(intragenic) 	Positive 
hs625 	chr16:49,735,099-49,736,449 	ZNF423(intragenic) 	Positive 
hs627 	chr17:37,774,485-37,774,988 	NEUROD2-PPP1R1B 	Positive 
hs628 	chr9:159,657-160,780 	CBWD1(intragenic) 	Positive 
hs629 	chr7:27,288,268-27,289,491 	EVX1-HIBADH 	Positive 
hs630 	chr3:71,277,312-71,278,956 	FOXP1-MIR1284 	Positive 
hs631 	chr8:36,957,851-36,958,723 	KCNU1-ZNF703 	Positive 
hs632 	chr20:2,719,208-2,719,789 	EBF4(intragenic) 	Positive 
hs633 	chr5:2,112,055-2,113,430 	MIR548BA-LOC100506858 	Positive 
hs634 	chr18:76,006,820-76,008,476 	LINC01029-SALL3 	Positive 
hs636 	chr3:157,882,303-157,883,963 	RSRC1(intragenic) 	Positive 
hs638 	chr3:157,589,226-157,590,363 	C3orf55-SHOX2 	Positive 
hs640 	chr2:164,574,007-164,575,458 	FIGN(intragenic) 	Positive 
hs641 	chr9:116,726,436-116,727,813 	ZNF618(intragenic) 	Positive 
hs643 	chr9:23,004,730-23,005,789 	LINC01239-ELAVL2 	Positive 
hs644 	chr7:18,885,971-18,887,230 	HDAC9-TWIST1 	Positive 
hs645 	chr1:32,510,030-32,510,913 	KHDRBS1-TMEM39B 	Positive 
hs646 	chr2:172,820,365-172,821,314 	HAT1(intragenic) 	Positive 
hs649 	chr2:146,689,050-146,690,099 	TEX41-PABPC1P2 	Positive 
hs653 	chr3:137,185,964-137,186,866 	IL20RB-SOX14 	Positive 
hs654 	chr3:147,801,015-147,802,169 	ZIC1-AGTR1 	Positive 
hs655 	chr3:180,461,825-180,462,874 	LOC101928882(intragenic) 	Positive 
hs656 	chr10:131,400,948-131,402,279 	MGMT(intragenic) 	Positive 
hs658 	chr7:69,702,231-69,703,615 	AUTS2(intragenic) 	Positive 
hs660 	chr15:67,198,974-67,200,134 	SMAD6-SMAD3 	Positive 
hs661 	chr12:16,940,708-16,942,322 	LMO3-SKP1P2 	Positive 
hs662 	chr2:157,720,628-157,721,586 	GPD2-GALNT5 	Positive 
hs667 	chrX:139,332,133-139,333,376 	LOC389895-SOX3 	Positive 
hs669 	chr8:92,824,759-92,826,618 	SLC26A7-RUNX1T1 	Positive 
hs671 	chr1:97,610,491-97,611,741 	DPYD-AS1(intragenic) 	Positive 
hs672 	chr10:120,074,039-120,075,696 	FAM204A(intragenic) 	Positive 
hs675 	chr2:144,103,882-144,105,644 	ARHGAP15(intragenic) 	Positive 
hs676 	chr6:97,544,611-97,545,759 	MIR548H3(intragenic) 	Positive 
hs678 	chr4:54,961,998-54,962,796 	CHIC2-GSX2 	Positive 
hs679 	chr18:45,087,290-45,088,074 	SKOR2-SMAD2 	Positive 
hs680 	chr4:85,245,591-85,246,555 	AGPAT9-NKX6-1 	Positive 
hs682 	chr5:91,298,184-91,298,993 	ARRDC3-AS1-NR2F1-AS1 	Positive 
hs687 	chr4:54,881,222-54,882,455 	CHIC2(intragenic) 	Positive 
hs688 	chr20:20,472,953-20,474,200 	RALGAPA2(intragenic) 	Positive 
hs690 	chr2:63,193,855-63,194,929 	EHBP1(intragenic) 	Positive 
hs692 	chr11:15,587,041-15,588,314 	INSC-SOX6 	Positive 
hs693 	chr5:170,471,253-170,472,370 	RANBP17(intragenic) 	Positive 
hs697 	chr17:46,226,552-46,227,693 	SKAP1(intragenic) 	Positive 
hs698 	chr8:53,166,730-53,167,836 	ST18(intragenic) 	Positive 
hs699 	chr10:130,831,457-130,833,175 	MKI67-MGMT 	Positive 
hs701 	chr7:21,084,342-21,085,460 	RPL23P8-SP4 	Positive 
hs702 	chr2:105,132,815-105,133,830 	LINC01103-LINC01114 	Positive 
hs704 	chr14:36,933,150-36,934,532 	MBIP-SFTA3 	Positive 
hs705 	chr1:3,190,581-3,191,428 	MIR4251-ARHGEF16 	Positive 
hs712 	chr4:84,700,011-84,701,265 	AGPAT9-NKX6-1 	Positive 
hs717 	chr11:16,377,777-16,379,090 	MIR6073-C11orf58 	Positive 
hs720 	chr7:113,793,545-113,794,562 	FOXP2(intragenic) 	Positive 
hs721 	chr19:30,574,387-30,575,360 	URI1-ZNF536 	Positive 
hs722 	chr9:84,009,516-84,010,866 	TLE4-TLE1 	Positive 
hs737 	chr10:130,366,868-130,368,005 	MKI67-MGMT 	Positive 
hs741 	chr3:157,903,310-157,904,642 	RSRC1(intragenic) 	Positive 
hs742 	chr8:78,042,571-78,044,201 	PEX2-PKIA 	Positive 
hs746 	chr4:4,522,867-4,524,050 	STX18(intragenic) 	Positive 
hs748 	chr10:78,390,590-78,391,875 	C10orf11-KCNMA1 	Positive 
hs749 	chr7:13,450,920-13,451,719 	ARL4A-ETV1 	Positive 
hs752 	chr9:84,946,893-84,948,036 	SPATA31D1-RASEF 	Positive 
hs754 	chr5:3,197,865-3,198,942 	LOC102467074-LINC01019 	Positive 
hs755 	chrX:136,316,806-136,317,871 	GPR101-ZIC3 	Positive 
hs759 	chr13:106,015,598-106,016,927 	MIR548AS-DAOA-AS1 	Positive 
hs762 	chr1:163,441,941-163,442,842 	LOC100422212-PBX1 	Positive 
hs764 	chr1:63,665,219-63,666,122 	LINC00466(intragenic) 	Positive 
hs765 	chr9:81,823,297-81,824,667 	LOC101927450-TLE4 	Positive 
hs769 	chr7:26,524,662-26,525,636 	LOC441204(intragenic) 	Positive 
hs774 	chr8:77,690,683-77,691,779 	ZFHX4(intragenic) 	Positive 
hs775 	chr18:77,010,009-77,010,795 	ATP9B(intragenic) 	Positive 
hs778 	chr17:59,893,119-59,894,141 	BRIP1(intragenic) 	Positive 
hs779 	chr2:60,352,514-60,353,602 	LOC101927285-MIR4432 	Positive 
hs781 	chr8:21,907,426-21,908,282 	FGF17-DMTN 	Positive 
hs782 	chr8:21,901,089-21,902,326 	FGF17(intragenic) 	Positive 
hs783 	chr8:21,845,388-21,846,455 	XPO7(intragenic) 	Positive 
hs789 	chr5:88,673,410-88,674,494 	MEF2C-AS1-MIR3660 	Positive 
hs793 	chr7:10,684,318-10,685,359 	PER4-NDUFA4 	Positive 
hs796 	chr13:95,313,852-95,315,441 	GPR180-SOX21 	Positive 
hs798 	chr12:16,170,590-16,171,824 	DERA(intragenic) 	Positive 
hs799 	chr7:9,271,308-9,272,358 	NXPH1-PER4 	Positive 
hs800 	chr9:84,978,274-84,979,131 	SPATA31D1-RASEF 	Positive 
hs807 	chr7:22,091,362-22,092,557 	CDCA7L-RAPGEF5 	Positive 
hs809 	chr1:87,795,192-87,796,737 	LMO4(intragenic) 	Positive 
hs813 	chr5:158,143,424-158,144,725 	EBF1(intragenic) 	Positive 
hs816 	chr7:14,379,627-14,380,740 	DGKB(intragenic) 	Positive 
hs818 	chr9:128,520,992-128,522,653 	PBX3(intragenic) 	Positive 
hs824 	chr18:72,567,672-72,569,282 	ZNF407(intragenic) 	Positive 
hs828 	chr15:36,964,819-36,966,098 	C15orf41(intragenic) 	Positive 
hs830 	chr15:38,159,507-38,161,007 	MIR8063-TMCO5A 	Positive 
hs831 	chr2:67,281,257-67,282,540 	LOC102724321-LOC102800447 	Positive 
hs834 	chr8:37,495,309-37,496,204 	KCNU1-ZNF703 	Positive 
hs836 	chr2:59,540,640-59,541,937 	LOC101927285-MIR4432 	Positive 
hs840 	chr4:66,989,480-66,990,366 	LOC100144602-LOC101927237 	Positive 
hs841 	chr10:118,854,124-118,855,243 	KIAA1598-VAX1 	Positive 
hs842 	chr4:14,268,833-14,269,924 	LINC01085-CPEB2-AS1 	Positive 
hs843 	chr3:137,638,911-137,640,108 	LINC01210-CLDN18 	Positive 
hs844 	chr7:20,832,628-20,833,902 	SP8-RPL23P8 	Positive 
hs847 	chr4:42,150,091-42,151,064 	BEND4(intragenic) 	Positive 
hs848 	chr16:51,491,799-51,493,025 	SALL1-LOC101927364 	Positive 
hs851 	chr18:36,763,763-36,764,791 	MIR4318-LINC00669 	Positive 
hs852 	chr9:13,750,115-13,751,398 	FLJ41200-LINC00583 	Positive 
hs853 	chr5:87,083,012-87,084,752 	CCNH-TMEM161B 	Positive 
hs855 	chr11:31,989,173-31,990,022 	DKFZp686K1684-RCN1 	Positive 
hs858 	chr19:30,747,057-30,748,648 	URI1-ZNF536 	Positive 
hs860 	chr2:175,196,043-175,197,114 	LOC285084-SP9 	Positive 
hs863 	chr11:31,502,035-31,503,157 	IMMP1L(intragenic) 	Positive 
hs864 	chr3:71,034,389-71,035,430 	FOXP1(intragenic) 	Positive 
hs865 	chr6:50,685,244-50,686,237 	TFAP2D(intragenic) 	Positive 
hs868 	chr2:105,697,211-105,698,158 	MRPS9(intragenic) 	Positive 
hs872 	chr11:121,799,771-121,801,171 	SORL1-MIR100HG 	Positive 
hs876 	chr9:133,540,555-133,541,228 	PRDM12(intragenic) 	Positive 
hs878 	chr1:88,615,687-88,616,927 	LOC100505768-LOC101927891 	Positive 
hs881 	chr13:66,609,799-66,610,748 	OR7E156P-PCDH9 	Positive 
hs882 	chr13:71,533,037-71,534,195 	ATXN8OS-LINC00348 	Positive 
hs883 	chr11:16,311,593-16,312,881 	MIR6073-C11orf58 	Positive 
hs886 	chr4:181,201,559-181,202,529 	LINC01099-LINC00290 	Positive 
hs891 	chr8:76,960,017-76,961,714 	HNF4G-LINC01111 	Positive 
hs895 	chr12:24,233,884-24,235,634 	SOX5-MIR920 	Positive 
hs901 	chr9:37,251,207-37,252,223 	ZCCHC7(intragenic) 	Positive 
hs906 	chr4:145,276,813-145,278,719 	GYPA-HHIP-AS1 	Positive 
hs908 	chr8:99,428,481-99,429,432 	NIPAL2-KCNS2 	Positive 
hs909 	chr8:100,680,409-100,681,809 	MIR875-COX6C 	Positive 
hs914 	chr20:21,214,790-21,217,232 	LOC101929591-XRN2 	Positive 
hs915 	chr13:78,976,015-78,977,338 	RNF219-AS1(intragenic) 	Positive 
hs919 	chr8:116,430,695-116,432,527 	TRPS1(intragenic) 	Positive 
hs921 	chr2:236,962,599-236,964,857 	AGAP1(intragenic) 	Positive 
hs924 	chr17:2,081,998-2,084,289 	SMG6-LOC101927839 	Positive 
hs925 	chr7:70,103,123-70,104,331 	AUTS2(intragenic) 	Positive 
hs926 	chr4:112,668,302-112,669,915 	PITX2-C4orf32 	Positive 
hs930 	chr4:111,669,259-111,671,168 	PITX2-C4orf32 	Positive 
hs932 	chr1:209,989,050-209,989,824 	IRF6-DIEXF 	Positive 
hs935 	chr10:119,310,483-119,311,458 	EMX2-RAB11FIP2 	Positive 
hs947 	chr18:63,078,262-63,078,839 	LOC400654-CDH7 	Positive 
hs952 	chr5:91,442,456-91,444,549 	ARRDC3-AS1-NR2F1-AS1 	Positive 
hs953 	chr2:175,203,263-175,204,895 	SP9-CIR1 	Positive 
hs956 	chr7:114,299,711-114,302,078 	MIR3666-MDFIC 	Positive 
hs957 	chr2:60,761,404-60,763,073 	BCL11A(intragenic) 	Positive 
hs965 	chr3:71,099,157-71,100,851 	FOXP1(intragenic) 	Positive 
hs966 	chr7:114,326,912-114,329,772 	MIR3666-MDFIC 	Positive 
hs967 	chr12:103,484,342-103,485,519 	ASCL1-C12orf42 	Positive 
hs969 	chr2:105,317,580-105,319,856 	LINC01103-LINC01114 	Positive 
hs971 	chr5:91,970,162-91,972,034 	ARRDC3-AS1-NR2F1-AS1 	Positive 
hs974 	chr9:83,412,700-83,413,972 	TLE4-TLE1 	Positive 
hs975 	chr2:59,304,974-59,306,893 	LINC01122-LOC101927285 	Positive 
hs978 	chr6:97,754,043-97,755,513 	LOC101927314(intragenic) 	Positive 
hs980 	chr12:17,848,111-17,849,347 	MIR3974-RERGL 	Positive 
hs981 	chr4:113,442,390-113,443,530 	NEUROG2-ZGRF1 	Positive 
hs987 	chr9:128,869,446-128,870,934 	PBX3-MVB12B 	Positive 
hs990 	chr2:105,516,737-105,518,490 	LINC01159-LOC102724691 	Positive 
hs993 	chr12:17,311,784-17,313,759 	SKP1P2-MIR3974 	Positive 
hs998 	chr12:103,406,124-103,408,154 	ASCL1-C12orf42 	Positive 
hs999 	chr7:114,142,132-114,143,527 	FOXP2(intragenic) 	Positive 
hs1001 	chr1:38,712,075-38,713,517 	LOC339442-RRAGC 	Positive 
hs1002 	chr1:88,108,084-88,109,396 	LOC100505768-LOC101927891 	Positive 
hs1004 	chr9:82,681,268-82,682,692 	TLE4-TLE1 	Positive 
hs1006 	chr10:102,244,842-102,246,334 	WNT8B-SEC31B 	Positive 
hs1007 	chr7:20,997,668-20,999,102 	RPL23P8-SP4 	Positive 
hs1011 	chr18:76,461,276-76,462,723 	LINC01029-SALL3 	Positive 
hs1013 	chr18:52,699,870-52,701,226 	CCDC68-LOC101927229 	Positive 
hs1015 	chr9:128,919,674-128,920,432 	PBX3-MVB12B 	Positive 
hs1017 	chr9:128,645,462-128,647,097 	PBX3(intragenic) 	Positive 
hs1019 	chr7:20,838,843-20,840,395 	SP8-RPL23P8 	Positive 
hs1020 	chr18:75,496,338-75,498,507 	GALR1-LINC01029 	Positive 
hs1022 	chr5:158,486,120-158,487,498 	EBF1(intragenic) 	Positive 
hs1024 	chr5:92,312,840-92,314,645 	ARRDC3-AS1-NR2F1-AS1 	Positive 
hs1025 	chr2:73,124,730-73,126,091 	SPR-EMX1 	Positive 
hs1027 	chr18:22,744,668-22,746,270 	ZNF521(intragenic) 	Positive 
hs1030 	chr9:128,516,934-128,518,372 	PBX3(intragenic) 	Positive 
hs1031 	chr1:39,192,609-39,194,134 	LOC339442-RRAGC 	Positive 
hs1032 	chr10:119,309,200-119,310,544 	EMX2-RAB11FIP2 	Positive 
hs1035 	chr6:98,074,091-98,075,722 	LOC101927314(intragenic) 	Positive 
hs1039 	chr5:92,031,088-92,033,197 	ARRDC3-AS1-NR2F1-AS1 	Positive 
hs1041 	chr9:82,010,246-82,011,547 	LOC101927450-TLE4 	Positive 
hs1042 	chr20:37,876,814-37,877,600 	LOC339568-LOC100505663 	Positive 
hs1043 	chr3:147,125,146-147,126,336 	ZIC4-ZIC1 	Positive 
hs1049 	chr5:92,314,781-92,316,083 	ARRDC3-AS1-NR2F1-AS1 	Positive 
hs1050 	chr4:109,531,908-109,533,465 	RPL34-AS1(intragenic) 	Positive 
hs1052 	chr6:18,536,628-18,538,267 	RNF144B-MIR548A1 	Positive 
hs1056 	chr18:76,481,722-76,483,257 	LINC01029-SALL3 	Positive 
hs1060 	chr5:92,613,862-92,616,844 	ARRDC3-AS1-NR2F1-AS1 	Positive 
hs1064 	chr14:29,226,075-29,227,673 	LINC00645-FOXG1 	Positive 
hs1066 	chr2:63,275,695-63,277,103 	LOC100132215-OTX1 	Positive 
hs1067 	chr2:58,975,738-58,977,115 	LINC01122(intragenic) 	Positive 
hs1071 	chr2:58,799,729-58,800,607 	LINC01122(intragenic) 	Positive 
hs1078 	chr9:82,224,085-82,226,757 	TLE4(intragenic) 	Positive 
hs1079 	chr5:92,141,511-92,143,537 	ARRDC3-AS1-NR2F1-AS1 	Positive 
hs1080 	chr7:114,261,073-114,263,089 	FOXP2(intragenic) 	Positive 
hs1081 	chr6:98,902,034-98,904,516 	MIR2113-POU3F2 	Positive 
hs1082 	chr11:31,816,452-31,818,421 	PAX6(intragenic) 	Positive 
hs1085 	chr6:99,089,361-99,091,043 	MIR2113-POU3F2 	Positive 
hs1086 	chr20:39,334,182-39,335,059 	MAFB-TOP1 	Positive 
hs1092 	chr3:71,153,556-71,155,053 	FOXP1(intragenic) 	Positive 
hs1093 	chr2:103,792,328-103,793,819 	TMEM182-LOC100287010 	Positive 
hs1100 	chr6:41,560,717-41,562,075 	FOXP4(intragenic) 	Positive 
hs1102 	chr9:128,522,875-128,525,442 	PBX3(intragenic) 	Positive 
hs1107 	chr1:88,686,076-88,687,740 	LOC100505768-LOC101927891 	Positive 
hs1109 	chr5:91,940,922-91,942,042 	ARRDC3-AS1-NR2F1-AS1 	Positive 
hs1112 	chr2:103,909,358-103,911,221 	TMEM182-LOC100287010 	Positive 
hs1114 	chr12:103,371,349-103,372,610 	ASCL1-C12orf42 	Positive 
hs1115 	chr3:148,006,499-148,007,810 	ZIC1-AGTR1 	Positive 
hs1116 	chr3:71,446,827-71,448,809 	FOXP1-MIR1284 	Positive 
hs1117 	chr5:158,508,842-158,510,137 	EBF1(intragenic) 	Positive 
hs1118 	chr9:84,167,351-84,168,176 	TLE4-TLE1 	Positive 
hs1119 	chr2:59,476,604-59,477,955 	LOC101927285(intragenic) 	Positive 
hs1122 	chr12:103,345,263-103,346,680 	PAH-ASCL1 	Positive 
hs1123 	chr5:158,517,785-158,518,914 	EBF1(intragenic) 	Positive 
hs1128 	chr6:98,829,860-98,831,049 	MIR2113-POU3F2 	Positive 
hs1130 	chr5:157,589,029-157,590,477 	CLINT1-LOC101927697 	Positive 
hs1131 	chr2:105,032,493-105,034,445 	LOC100287010-LINC01102 	Positive 
hs1139 	chr1:39,248,757-39,250,129 	LOC339442-RRAGC 	Positive 
hs1142 	chr2:60,855,056-60,856,888 	BCL11A-PAPOLG 	Positive 
hs1144 	chr1:164,668,592-164,669,823 	PBX1(intragenic) 	Positive 
hs1147 	chr2:104,285,458-104,286,792 	TMEM182-LOC100287010 	Positive 
hs1148 	chr7:21,019,551-21,021,200 	RPL23P8-SP4 	Positive 
hs1149 	chr3:71,573,607-71,574,540 	FOXP1-MIR1284 	Positive 
hs1150 	chr14:57,419,008-57,421,445 	OTX2-AS1-EXOC5 	Positive 
hs1151 	chr14:53,833,457-53,836,210 	LOC101927620-MIR5580 	Positive 
hs1152 	chr2:58,859,997-58,861,674 	LINC01122(intragenic) 	Positive 
hs1153 	chr5:92,219,848-92,221,133 	ARRDC3-AS1-NR2F1-AS1 	Positive 
hs1161 	chr1:88,025,863-88,027,203 	LOC100505768-LOC101927891 	Positive 
hs1163 	chr9:82,590,314-82,593,174 	TLE4-TLE1 	Positive 
hs1166 	chr14:36,973,775-36,974,585 	SFTA3(intragenic) 	Positive 
hs1168 	chr14:29,743,374-29,745,881 	C14orf23-MIR548AI 	Positive 
hs1169 	chr18:22,235,986-22,237,388 	LOC729950(intragenic) 	Positive 
hs1170 	chr5:92,526,066-92,527,353 	ARRDC3-AS1-NR2F1-AS1 	Positive 
hs1172 	chr5:92,634,702-92,636,476 	ARRDC3-AS1-NR2F1-AS1 	Positive 
hs1173 	chr3:147,378,547-147,380,603 	ZIC1-AGTR1 	Positive 
hs1174 	chr2:58,748,340-58,750,140 	LINC01122(intragenic) 	Positive 
hs1175 	chr6:19,976,157-19,977,513 	ID4-MBOAT1 	Positive 
hs1177 	chr2:105,300,344-105,301,657 	LINC01103-LINC01114 	Positive 
hs1180 	chr18:22,616,831-22,618,682 	LOC729950-ZNF521 	Positive 
hs1181 	chr2:59,178,992-59,180,242 	LINC01122(intragenic) 	Positive 
hs1185 	chr1:163,507,965-163,509,139 	LOC100422212-PBX1 	Positive 
hs1186 	chr18:75,569,573-75,570,862 	GALR1-LINC01029 	Positive 
hs1187 	chr5:50,390,899-50,392,257 	LOC100287592-LOC642366 	Positive 
hs1188 	chr21:34,290,782-34,292,115 	C21orf62-OLIG2 	Positive 
hs1191 	chr1:164,805,507-164,806,794 	LOC100505795-LMX1A 	Positive 
hs1192 	chr7:114,463,797-114,464,462 	MIR3666-MDFIC 	Positive 
hs1198 	chr1:88,535,719-88,538,390 	LOC100505768-LOC101927891 	Positive 
hs1199 	chr2:59,102,071-59,103,380 	LINC01122(intragenic) 	Positive 
hs1202 	chr1:164,604,141-164,605,474 	PBX1(intragenic) 	Positive 
hs1203 	chr3:147,802,357-147,803,586 	ZIC1-AGTR1 	Positive 
hs1205 	chr20:21,488,551-21,490,021 	NKX2-4-NKX2-2 	Positive 
hs1208 	chr5:158,017,768-158,019,067 	LOC101927697-EBF1 	Positive 
hs1210 	chr2:66,762,515-66,765,088 	MEIS1(intragenic) 	Positive 
hs1212 	chr2:103,538,361-103,539,868 	TMEM182-LOC100287010 	Positive 
hs1213 	chr7:42,252,831-42,254,560 	GLI3(intragenic) 	Positive 
hs1217 	chr1:88,065,041-88,066,530 	LOC100505768-LOC101927891 	Positive 
hs1218 	chr14:57,430,887-57,432,346 	OTX2-AS1-EXOC5 	Positive 
hs1220 	chr6:98,212,329-98,214,701 	LOC101927314-MIR2113 	Positive 
hs1224 	chr3:147,651,676-147,653,436 	ZIC1-AGTR1 	Positive 
hs1226 	chr7:21,080,801-21,082,086 	RPL23P8-SP4 	Positive 
hs1227 	chr5:91,271,776-91,272,886 	ARRDC3-AS1-NR2F1-AS1 	Positive 
hs1233 	chr6:98,504,034-98,506,058 	MIR2113-POU3F2 	Positive 
hs1235 	chr1:164,620,038-164,621,164 	PBX1(intragenic) 	Positive 
hs1236 	chr10:119,589,659-119,591,176 	EMX2-RAB11FIP2 	Positive 
hs1239 	chr8:64,564,272-64,565,973 	YTHDF3-LOC286184 	Positive 
hs1242 	chr16:10,319,829-10,320,876 	GRIN2A-ATF7IP2 	Positive 
hs1244 	chr2:67,052,101-67,052,901 	LOC101927577-LOC101060019 	Positive 
hs1246 	chr13:112,268,067-112,269,088 	TEX29-SOX1 	Positive 
hs1247 	chr4:12,747,039-12,748,624 	HS3ST1-RAB28 	Positive 
hs1251 	chr3:157,775,742-157,778,000 	C3orf55-SHOX2 	Positive 
hs1256 	chr5:174,160,174-174,161,834 	MSX2-MIR4634 	Positive 
hs1257 	chr1:218,207,432-218,208,498 	LINC00210-LOC101929631 	Positive 
hs1258 	chr9:98,257,859-98,259,405 	LOC100507346-LINC00476 	Positive 
hs1262 	chr3:157,779,422-157,781,220 	C3orf55-SHOX2 	Positive 
hs1268 	chr7:155,547,616-155,548,788 	RBM33(intragenic) 	Positive 
hs1271 	chr22:28,238,313-28,239,718 	MN1-PITPNB 	Positive 
hs1273 	chr2:19,774,115-19,776,218 	OSR1-LINC00954 	Positive 
hs1278 	chr20:10,793,183-10,794,439 	LOC101929395-LOC101929413 	Positive 
hs1300 	chr16:52,468,529-52,471,762 	LOC102467079-TOX3 	Positive 
hs1301 	chr11:16,423,269-16,426,037 	MIR6073-C11orf58 	Positive 
hs1302 	chr6:112,822,313-112,826,325 	RFPL4B-MARCKS 	Positive 
hs1303 	chr2:104,667,872-104,670,648 	TMEM182-LOC100287010 	Positive 
hs1304 	chr21:17,681,162-17,682,802 	LINC00478(intragenic) 	Positive 
hs1305 	chr8:80,874,361-80,876,746 	MRPS28(intragenic) 	Positive 
hs1308 	chr7:127,174,386-127,177,546 	LOC100506682-GCC1 	Positive 
hs1309 	chr1:61,917,795-61,920,190 	LOC645030-MGC34796 	Positive 
hs1310 	chr6:170,747,095-170,748,864 	MIR4644-PSMB1 	Positive 
hs1311 	chr11:110,000,895-110,003,234 	ZC3H12C(intragenic) 	Positive 
hs1312 	chr5:30,994,283-30,996,047 	LOC101929681-CDH6 	Positive 
hs1314 	chr11:12,865,332-12,868,546 	TEAD1(intragenic) 	Positive 
hs1315 	chr6:9,095,334-9,096,985 	HULC-TFAP2A 	Positive 
hs1316 	chr3:62,405,817-62,408,099 	CADPS(intragenic) 	Positive 
hs1318 	chr8:77,598,007-77,600,645 	ZFHX4(intragenic) 	Positive 
hs1319 	chr10:124,827,454-124,829,734 	ACADSB-HMX3 	Positive 
hs1320 	chr15:97,128,054-97,130,294 	NR2F2-SPATA8-AS1 	Positive 
hs1321 	chr5:50,467,950-50,469,989 	LOC100287592-LOC642366 	Positive 
hs1322 	chr1:198,263,562-198,265,742 	NEK7(intragenic) 	Positive 
hs1324 	chr1:213,498,112-213,501,134 	RPS6KC1-LINC00538 	Positive 
hs1325 	chr7:25,791,903-25,794,282 	NPVF-RNU6-16P 	Positive 
hs1326 	chr8:59,941,214-59,943,636 	TOX(intragenic) 	Positive 
hs1327 	chr5:2,204,457-2,208,380 	MIR548BA-LOC100506858 	Positive 
hs1328 	chr9:133,353,647-133,355,097 	ASS1(intragenic) 	Positive 
hs1329 	chr8:28,370,867-28,371,860 	MIR4288-EXTL3 	Positive 
hs1330 	chr13:35,772,272-35,774,420 	NBEA(intragenic) 	Positive 
hs1331 	chr1:167,296,954-167,299,046 	POU2F1(intragenic) 	Positive 
hs1332 	chr3:181,958,774-181,961,127 	LINC01206-FLJ46066 	Positive 
hs1333 	chr13:36,072,914-36,075,972 	NBEA(intragenic) 	Positive 
hs1334 	chr10:37,054,745-37,057,224 	PCAT5-ANKRD30A 	Positive 
hs1335 	chr6:22,148,574-22,151,387 	CASC14-PRL 	Positive 
hs1336 	chr7:34,097,962-34,100,011 	BMPER(intragenic) 	Positive 
hs1339 	chr9:92,292,484-92,293,889 	UNQ6494(intragenic) 	Positive 
hs1340 	chr6:20,867,105-20,870,529 	CDKAL1(intragenic) 	Positive 
hs1341 	chr12:97,468,703-97,471,089 	NEDD1-RMST 	Positive 
hs1344 	chr3:193,660,817-193,662,478 	OPA1-AS1-LOC647323 	Positive 
hs1345 	chr5:107,299,863-107,302,976 	FBXL17(intragenic) 	Positive 
hs1346 	chr21:34,465,959-34,469,066 	OLIG1-LOC101928107 	Positive 
hs1348 	chr2:50,840,428-50,844,037 	NRXN1(intragenic) 	Positive 
hs1350 	chr9:3,401,031-3,402,562 	RFX3(intragenic) 	Positive 
hs1351 	chr6:135,601,698-135,604,052 	MYB-AHI1 	Positive 
hs1352 	chr6:23,180,012-23,182,186 	HDGFL1-NRSN1 	Positive 
hs1354 	chr12:103,405,885-103,408,290 	ASCL1-C12orf42 	Positive 
hs1358 	chr6:163,276,830-163,279,930 	PACRG(intragenic) 	Positive 
hs1359 	chr9:84,264,195-84,266,950 	TLE1(intragenic) 	Positive 
hs1360 	chr9:82,276,120-82,278,534 	TLE4(intragenic) 	Positive 
hs1361 	chr4:153,287,655-153,290,517 	DEAR-FBXW7 	Positive 
hs1362 	chr18:42,322,323-42,326,001 	SETBP1(intragenic) 	Positive 
hs1363 	chr18:42,942,363-42,944,135 	SLC14A2(intragenic) 	Positive 
hs1364 	chr8:59,168,210-59,170,121 	FAM110B-UBXN2B 	Positive 
hs1366 	chr6:38,358,690-38,360,084 	BTBD9(intragenic) 	Positive 
hs1368 	chr1:204,423,958-204,424,935 	PIK3C2B(intragenic) 	Positive 
hs1369 	chr14:80,095,739-80,097,310 	NRXN3(intragenic) 	Positive 
hs1371 	chr5:124,708,335-124,710,392 	LOC101927421-LOC101927460 	Positive 
hs1374 	chr4:90,917,033-90,921,053 	MMRN1-CCSER1 	Positive 
hs1375 	chr5:124,330,649-124,332,930 	ZNF608-LOC101927421 	Positive 
hs1382 	chr10:11,721,307-11,722,768 	USP6NL-ECHDC3 	Positive 
hs1383 	chr16:61,057,518-61,059,625 	LOC729159-CDH8 	Positive 
hs1384 	chr18:49,572,585-49,574,511 	LOC100287225-DCC 	Positive 
hs1385 	chr2:3,268,196-3,270,849 	TSSC1(intragenic) 	Positive 
hs1386 	chr2:151,182,874-151,185,472 	LOC101929231-RND3 	Positive 
hs1387 	chr3:63,672,828-63,674,786 	SNTN-C3orf49 	Positive 
hs1388 	chr1:33,828,789-33,830,947 	MIR3605-ZSCAN20 	Positive 
hs1389 	chr4:126,439,832-126,442,014 	MIR2054-INTU 	Positive 
hs1390 	chr9:38,425,496-38,429,775 	IGFBPL1-FAM95C 	Positive 
hs1391 	chr6:3,349,397-3,352,257 	SLC22A23(intragenic) 	Positive 
hs1392 	chr14:68,634,843-68,636,060 	RAD51B(intragenic) 	Positive 
hs1393 	chr13:43,167,371-43,169,597 	TNFSF11(intragenic) 	Positive 
hs1394 	chr13:78,406,128-78,407,714 	EDNRB-AS1(intragenic) 	Positive 
hs1397 	chr18:56,471,647-56,474,866 	MALT1-ZNF532 	Positive 
hs1413 	chr3:158,085,650-158,086,832 	RSRC1(intragenic) 	Positive 
hs1414 	chr14:54,687,583-54,688,495 	BMP4-CDKN3 	Positive 
hs1417 	chr9:98,274,342-98,275,314 	LOC100507346-LINC00476 	Positive 
hs1418 	chr7:155,264,047-155,265,809 	EN2-CNPY1 	Positive 
hs1419 	chr5:50,854,444-50,856,213 	ISL1-PELO 	Positive 
hs1422 	chr8:78,370,218-78,372,418 	PEX2-PKIA 	Positive 
hs1425 	chr7:69,596,979-69,598,263 	AUTS2(intragenic) 	Positive 
hs1427 	chr12:59,460,190-59,462,367 	LRIG3-SLC16A7 	Positive 
hs1428 	chr1:119,028,026-119,029,955 	SPAG17-TBX15 	Positive 
hs1430 	chr7:28,114,903-28,117,771 	JAZF1(intragenic) 	Positive 
hs1431 	chr8:49,494,150-49,495,734 	LOC101929268(intragenic) 	Positive 
hs1432 	chr5:81,318,882-81,321,683 	ATG10(intragenic) 	Positive 
hs1433 	chr3:168,958,333-168,962,944 	MECOM-TERC 	Positive 
hs1434 	chr10:78,282,592-78,284,988 	C10orf11(intragenic) 	Positive 
hs1435 	chr11:75,758,037-75,760,619 	UVRAG(intragenic) 	Positive 
hs1436 	chr3:55,017,475-55,018,560 	LRTM1-WNT5A 	Positive 
hs1437 	chr10:77,021,198-77,022,845 	COMTD1-ZNF503-AS1 	Positive 
hs1438 	chr4:95,589,445-95,591,459 	PDLIM5-BMPR1B 	Positive 
hs1440 	chr18:43,168,347-43,170,729 	FLJ44087-SLC14A2 	Positive 
hs1441 	chr21:17,951,012-17,953,659 	MIRLET7C-MIR125B2 	Positive 
hs1442 	chr1:169,910,396-169,913,079 	KIFAP3(intragenic) 	Positive 
hs1445 	chr17:2,079,772-2,081,236 	SMG6-LOC101927839 	Positive 
hs1447 	chr9:113,923,350-113,928,045 	LPAR1-MIR7702 	Positive 
hs1448 	chr20:54,241,646-54,244,672 	LOC102723578-CBLN4 	Positive 
hs1449 	chr5:131,600,830-131,602,104 	PDLIM4(intragenic) 	Positive 
hs1450 	chr1:62,053,433-62,055,908 	LOC645030-MGC34796 	Positive 
hs1452 	chr6:105,044,981-105,046,701 	GRIK2-HACE1 	Positive 
hs1453 	chr3:193,677,518-193,680,170 	LOC647323(intragenic) 	Positive 
hs1460 	chr4:54,061,474-54,065,280 	SCFD2(intragenic) 	Positive 
hs1461 	chr6:45,847,301-45,850,554 	RUNX2-CLIC5 	Positive 
hs1462 	chr3:94,051,018-94,053,829 	NSUN3-LINC00879 	Positive 
hs1463 	chr9:89,648,350-89,651,598 	LOC440173(intragenic) 	Positive 
hs1464 	chr18:43,133,056-43,135,229 	FLJ44087-SLC14A2 	Positive 
hs1465 	chr7:25,919,000-25,922,541 	RNU6-16P-MIR148A 	Positive 
hs1466 	chr14:77,384,641-77,387,697 	LRRC74-IRF2BPL 	Positive 
hs1467 	chr17:68,999,469-69,000,768 	KCNJ2-CASC17 	Positive 
hs1468 	chr12:59,361,630-59,364,518 	LRIG3-SLC16A7 	Positive 
hs1469 	chr3:102,386,162-102,388,382 	ZPLD1-MIR548A3 	Positive 
hs1471 	chr13:80,232,246-80,234,630 	NDFIP2-LINC01080 	Positive 
hs1472 	chr3:55,524,543-55,526,260 	WNT5A-ERC2 	Positive 
hs1473 	chr5:134,769,599-134,772,144 	H2AFY-C5orf20 	Positive 
hs1475 	chr3:79,042,278-79,045,053 	ROBO1(intragenic) 	Positive 
hs1477 	chr2:159,779,317-159,780,341 	DAPL1-TANC1 	Positive 
hs1479 	chr2:71,898,013-71,900,892 	DYSF(intragenic) 	Positive 
hs1480 	chr2:37,643,870-37,645,460 	QPCT-CDC42EP3 	Positive 
hs1481 	chr14:75,724,424-75,726,998 	TMED10-FOS 	Positive 
hs1482 	chr8:122,076,654-122,078,139 	SNTB1-HAS2 	Positive 
hs1484 	chr1:62,045,460-62,048,159 	LOC645030-MGC34796 	Positive 
hs1485 	chr1:59,522,325-59,524,092 	LOC101926925(intragenic) 	Positive 
hs1486 	chr14:95,836,414-95,839,481 	LOC101929080-LINC00341 	Positive 
hs1487 	chr1:54,925,046-54,928,826 	SSBP3-AS1-ACOT11 	Positive 
hs1488 	chr11:1,985,072-1,987,372 	MRPL23-MRPL23-AS1 	Positive 
hs1491 	chr10:80,295,449-80,297,087 	LINC00595-ZMIZ1-AS1 	Positive 
hs1496 	chr2:5,549,618-5,553,025 	LINC01249-LINC01248 	Positive 
hs1497 	chr17:13,015,647-13,018,459 	ELAC2-HS3ST3A1 	Positive 
hs1498 	chr12:67,127,104-67,129,730 	GRIP1-CAND1 	Positive 
hs1500 	chr10:76,513,161-76,514,681 	ADK-KAT6B 	Positive 
hs1507 	chr2:220,713,868-220,717,300 	SLC4A3-MIR4268 	Positive 
hs1510 	chr15:74,870,847-74,872,794 	ARID3B(intragenic) 	Positive 
hs1515 	chr13:31,364,918-31,367,891 	ALOX5AP-LINC00398 	Positive 
hs1516 	chr21:40,361,359-40,363,126 	LOC101928435-PSMG1 	Positive 
hs1517 	chr17:63,161,262-63,164,266 	RGS9(intragenic) 	Positive 
hs1523 	chr14:29,857,930-29,860,548 	C14orf23-MIR548AI 	Positive 
hs1525 	chr4:124,775,814-124,779,530 	LINC01091(intragenic) 	Positive 
hs1526 	chr2:104,353,933-104,357,342 	TMEM182-LOC100287010 	Positive 
hs1527 	chr2:8,781,394-8,783,591 	LOC101929567-LOC100506299 	Positive 
hs1529 	chr2:104,578,156-104,580,488 	TMEM182-LOC100287010 	Positive 
hs1530 	chr9:81,010,879-81,014,103 	PSAT1-LOC101927450 	Positive 
hs1531 	chr11:31,895,594-31,899,062 	DKFZp686K1684(intragenic) 	Positive 
hs1532 	chr12:17,171,711-17,174,776 	SKP1P2-MIR3974 	Positive 
hs1533 	chr6:19,719,222-19,722,910 	LOC101928519-ID4 	Positive 
hs1534 	chr2:105,044,282-105,047,512 	LOC100287010-LINC01102 	Positive 
hs1535 	chr2:60,498,057-60,502,013 	LOC101927285-MIR4432 	Positive 
hs1537 	chr18:53,018,678-53,020,044 	TCF4(intragenic) 	Positive 
hs1538 	chr14:36,911,162-36,914,360 	MBIP-SFTA3 	Positive 
hs1539 	chr14:29,710,885-29,713,340 	C14orf23-MIR548AI 	Positive 
hs1540 	chr12:103,405,110-103,408,796 	ASCL1-C12orf42 	Positive 
hs1543 	chr3:193,929,360-193,931,457 	HES1-LINC00887 	Positive 
hs1544 	chr18:23,044,107-23,046,853 	ZNF521-SS18 	Positive 
hs1545 	chr4:109,254,340-109,257,033 	LEF1-AS1-RPL34-AS1 	Positive 
hs1546 	chr1:38,835,996-38,838,106 	LOC339442-RRAGC 	Positive 
hs1548 	chr21:34,221,456-34,223,948 	C21orf62-OLIG2 	Positive 
hs1551 	chr10:119,725,799-119,727,161 	EMX2-RAB11FIP2 	Positive 
hs1553 	chr2:105,464,986-105,467,538 	LINC01158(intragenic) 	Positive 
hs1554 	chr2:104,686,690-104,688,638 	TMEM182-LOC100287010 	Positive 
hs1555 	chr2:104,016,646-104,019,824 	TMEM182-LOC100287010 	Positive 
hs1557 	chr3:28,033,828-28,035,751 	EOMES-CMC1 	Positive 
hs1559 	chr22:46,240,915-46,242,300 	MIR4762-WNT7B 	Positive 
hs1563 	chr3:193,489,359-193,491,333 	OPA1-AS1-LOC647323 	Positive 
hs1564 	chr6:97,912,825-97,915,982 	LOC101927314(intragenic) 	Positive 
hs1566 	chr18:23,432,723-23,434,825 	ZNF521-SS18 	Positive 
hs1567 	chr10:35,972,892-35,975,932 	MIR4683-PCAT5 	Positive 
hs1568 	chr13:28,318,579-28,320,134 	POLR1D-GSX1 	Positive 
hs1571 	chr12:114,101,195-114,103,805 	LHX5-LINC01234 	Positive 
hs1573 	chr3:147,563,409-147,566,604 	ZIC1-AGTR1 	Positive 
hs1574 	chr12:516,066-518,656 	CCDC77(intragenic) 	Positive 
hs1575 	chr12:103,570,982-103,573,398 	ASCL1-C12orf42 	Positive 
hs1577 	chr5:91,927,845-91,931,024 	ARRDC3-AS1-NR2F1-AS1 	Positive 
hs1578 	chr2:212,254,840-212,257,158 	ERBB4(intragenic) 	Positive 
hs1579 	chr14:57,320,664-57,324,319 	OTX2-AS1(intragenic) 	Positive 
hs1581 	chr2:103,768,696-103,772,482 	TMEM182-LOC100287010 	Positive 
hs1582 	chr4:124,383,428-124,386,454 	SPRY1-LINC01091 	Positive 
hs1585 	chr9:81,052,204-81,055,820 	PSAT1-LOC101927450 	Positive 
hs1586 	chr7:42,185,602-42,187,508 	GLI3(intragenic) 	Positive 
hs1588 	chr10:35,925,382-35,927,242 	GJD4-MIR4683 	Positive 
hs1589 	chr10:36,072,272-36,074,291 	PCAT5(intragenic) 	Positive 
hs1595 	chr9:100,548,556-100,549,640 	XPA-FOXE1 	Positive 
hs1596 	chr9:100,624,863-100,626,679 	FOXE1-C9orf156 	Positive 
hs1597 	chr9:100,636,218-100,637,962 	FOXE1-C9orf156 	Positive 
hs1599 	chr8:93,070,697-93,073,395 	RUNX1T1(intragenic) 	Positive 
hs1600 	chr7:25,695,037-25,697,616 	NPVF-RNU6-16P 	Positive 
hs1601 	chr8:92,609,272-92,613,421 	SLC26A7-RUNX1T1 	Positive 
hs1602 	chr14:61,120,199-61,122,451 	SIX1-SIX4 	Positive 
hs1603 	chr12:23,211,482-23,214,744 	ETNK1-SOX5 	Positive 
hs1604 	chr7:28,630,662-28,634,883 	CREB5(intragenic) 	Positive 
hs1611 	chr15:40,383,560-40,386,138 	BMF(intragenic) 	Positive 
hs1612 	chr16:73,825,193-73,828,566 	LOC100506172-LOC101928035 	Positive 
hs1613 	chr16:86,943,367-86,946,175 	FOXL1-LOC101928708 	Positive 
hs1614 	chr4:151,096,473-151,099,299 	DCLK2(intragenic) 	Positive 
hs1615 	chr1:9,431,127-9,432,834 	SPSB1-LOC100506022 	Positive 
hs1616 	chr14:68,976,404-68,979,383 	RAD51B-ZFP36L1 	Positive 
hs1620 	chr22:20,775,061-20,779,007 	ZNF74-KLHL22 	Positive 
hs1622 	chr1:56,240,104-56,242,435 	MIR4422-PPAP2B 	Positive 
hs1623 	chr7:5,671,918-5,676,544 	RNF216(intragenic) 	Positive 
hs1625 	chr9:118,227,846-118,230,333 	DEC1-LOC101928775 	Positive 
hs1626 	chr7:93,975,962-93,978,880 	BET1-COL1A2 	Positive 
hs1627 	chr7:90,753,895-90,758,080 	CDK14(intragenic) 	Positive 
hs1628 	chr7:90,765,382-90,768,454 	CDK14(intragenic) 	Positive 
hs1629 	chr14:54,035,953-54,040,896 	LOC101927620-MIR5580 	Positive 
hs1631 	chr7:90,797,871-90,800,712 	CDK14(intragenic) 	Positive 
hs1632 	chr11:116,521,882-116,522,627 	LINC00900-BUD13 	Positive 
hs1633 	chr7:90,777,214-90,780,836 	CDK14(intragenic) 	Positive 
hs1634 	chr18:25,663,863-25,668,856 	CDH2(intragenic) 	Positive 
hs1635 	chr2:220,771,085-220,773,279 	SLC4A3-EPHA4 	Positive 
hs1636 	chr18:25,500,905-25,504,214 	CHST9-CDH2 	Positive 
hs1638 	chr5:55,896,173-55,899,069 	LOC101928448(intragenic) 	Positive 
hs1640 	chr5:141,930,055-141,932,276 	SPRY4-FGF1 	Positive 
hs1641 	chr11:125,927,055-125,930,318 	CDON(intragenic) 	Positive 
hs1642 	chr7:95,874,847-95,878,101 	MIR591-C7orf76 	Positive 
hs1643 	chr5:124,651,163-124,654,187 	LOC101927421(intragenic) 	Positive 
hs1644 	chr6:140,207,977-140,211,769 	LOC100132735-MIR3668 	Positive 
hs1645 	chr22:28,746,697-28,748,395 	TTC28(intragenic) 	Positive 
hs1648 	chr3:114,936,330-114,938,229 	MIR4796-GAP43 	Positive 
hs1649 	chr5:101,999,073-102,003,903 	LINC00491(intragenic) 	Positive 
hs1650 	chr18:19,338,952-19,341,922 	MIB1(intragenic) 	Positive 
hs1651 	chr4:56,919,589-56,923,793 	CEP135-KIAA1211 	Positive 
hs1652 	chr2:85,997,467-86,001,005 	ATOH8(intragenic) 	Positive 
hs1653 	chr18:22,808,334-22,809,984 	ZNF521(intragenic) 	Positive 
hs1656 	chr17:57,914,612-57,916,949 	VMP1(intragenic) 	Positive 
hs1657 	chr14:75,703,373-75,705,053 	TMED10-FOS 	Positive 
hs1658 	chr8:93,030,368-93,033,345 	RUNX1T1(intragenic) 	Positive 
hs1659 	chr7:35,412,725-35,416,349 	LOC401324-HERPUD2 	Positive 
hs1660 	chr7:69,399,070-69,400,682 	AUTS2(intragenic) 	Positive 
hs1665 	chr8:37,683,090-37,685,347 	GPR124(intragenic) 	Positive 
hs1667 	chr18:20,049,644-20,052,904 	CTAGE1-LOC101927571 	Positive 
hs1668 	chr4:53,942,283-53,944,297 	SCFD2(intragenic) 	Positive 
hs1670 	chr14:23,906,587-23,908,214 	MIR208B-NGDN 	Positive 
hs1672 	chr1:113,540,056-113,542,020 	SLC16A1-AS1-LOC100996251 	Positive 
hs1673 	chr12:114,370,126-114,372,056 	RBM19(intragenic) 	Positive 
hs1675 	chr17:27,994,702-27,996,874 	SSH2(intragenic) 	Positive 
hs1677 	chr7:25,533,607-25,536,880 	NPVF-RNU6-16P 	Positive 
hs1679 	chr10:77,793,903-77,797,889 	C10orf11(intragenic) 	Positive 
hs1681 	chr8:77,751,553-77,754,343 	ZFHX4(intragenic) 	Positive 
hs1683 	chr10:78,156,517-78,158,752 	C10orf11(intragenic) 	Positive 
hs1684 	chr21:28,326,327-28,327,753 	MIR4759-MIR5009 	Positive 
hs1685 	chr3:112,811,494-112,816,407 	C3orf17-LOC101929717 	Positive 
hs1686 	chr15:94,524,574-94,527,142 	RGMA-MCTP2 	Positive 
hs1688 	chr14:68,842,757-68,845,775 	RAD51B(intragenic) 	Positive 
hs1690 	chr6:111,871,688-111,876,668 	TRAF3IP2-AS1-FYN 	Positive 
hs1699 	chr10:71,335,775-71,338,729 	NEUROG3-C10orf35 	Positive 
hs1702 	chr1:18,958,671-18,960,284 	PAX7(intragenic) 	Positive 
hs1705 	chr14:22,171,275-22,173,297 	OR4E2-DAD1 	Positive 
hs1706 	chr4:155,533,850-155,535,022 	FGG-LRAT 	Positive 
hs1707 	chr4:155,580,703-155,582,056 	FGG-LRAT 	Positive 
hs1709 	chr8:130,644,090-130,647,317 	LINC00977-GSDMC 	Positive 
hs1715 	chr8:33,891,203-33,892,738 	DUSP26-UNC5D 	Positive 
hs1717 	chr9:100,636,218-100,640,509 	FOXE1-C9orf156 	Positive 
hs1720 	chr11:16,190,865-16,192,453 	MIR6073-C11orf58 	Positive 
hs1723 	chr12:103,613,944-103,615,320 	ASCL1-C12orf42 	Positive 
hs1724 	chr16:73,362,809-73,364,292 	C16orf47-LOC100506172 	Positive 
hs1725 	chr17:32,077,519-32,078,677 	AA06-LOC101927239 	Positive 
hs1726 	chr18:49,279,374-49,281,480 	LOC100287225-DCC 	Positive 
hs1734 	chr5:106,909,516-106,911,012 	EFNA5(intragenic) 	Positive 
hs1738 	chr6:101,743,524-101,745,234 	ASCC3-GRIK2 	Positive 
hs1741 	chr8:27,752,440-27,753,351 	MIR4287-NUGGC 	Positive 
hs1743 	chr9:2,240,936-2,242,833 	SMARCA2-VLDLR-AS1 	Positive 
hs1745 	chrX:123,350,827-123,352,587 	STAG2-SH2D1A 	Positive 
hs1746 	chrX:150,407,692-150,409,052 	GPR50-VMA21 	Positive 
hs1747 	chr3:50,636,478-50,640,158 	HEMK1-CISH 	Positive 
hs1748 	chr11:75,264,066-75,266,752 	GDPD5-SERPINH1 	Positive 
hs1750 	chr2:241,197,357-241,200,155 	OTOS-GPC1 	Positive 
hs1751 	chr18:12,277,696-12,281,650 	CIDEA-TUBB6 	Positive 
hs1752 	chr5:148,801,693-148,805,076 	MIR143HG(intragenic) 	Positive 
hs1753 	chr7:158,888,320-158,891,362 	VIPR2(intragenic) 	Positive 
hs1754 	chr19:11,251,931-11,254,703 	MIR6886-SPC24 	Positive 
hs1759 	chr11:65,254,704-65,258,394 	MIR612-MALAT1 	Positive 
hs1760 	chr16:66,937,076-66,939,560 	PDP2-CDH16 	Positive 
hs1763 	chr10:134,442,029-134,446,812 	INPP5A(intragenic) 	Positive 
hs1764 	chr2:218,801,171-218,803,563 	MIR6809-RUFY4 	Positive 
hs1766 	chr1:230,984,523-230,987,981 	C1orf198(intragenic) 	Positive 
hs1767 	chr10:80,980,316-80,984,042 	ZMIZ1(intragenic) 	Positive 
hs1769 	chr17:37,831,124-37,834,530 	PGAP3(intragenic) 	Positive 
hs1783 	chr5:77,141,743-77,145,131 	TBCA-LOC101929154 	Positive 
hs1791 	chr14:57,474,144-57,478,090 	OTX2-AS1-EXOC5 	Positive 
hs1798 	chr7:115,451,531-115,454,796 	MDFIC-TFEC 	Positive 
hs1800 	chr8:106,602,865-106,607,408 	ZFPM2(intragenic) 	Positive 
hs1802 	chr2:145,339,602-145,341,530 	LOC101928455-TEX41 	Positive 
hs1809 	chr7:121,967,528-121,971,078 	CADPS2(intragenic) 	Positive 
hs1811 	chr21:39,227,606-39,229,223 	KCNJ6(intragenic) 	Positive 
hs1828 	chr5:172,198,673-172,201,009 	DUSP1-ERGIC1 	Positive 
hs1831 	chr7:95,236,622-95,240,458 	PDK4-DYNC1I1 	Positive 
hs1833 	chr1:8,130,439-8,131,887 	ERRFI1-SLC45A1 	Positive 
hs1837 	chr10:3,851,587-3,853,863 	KLF6-MIR6078 	Positive 
hs1854 	chr16:89,057,397-89,061,023 	LOC100129697-ACSF3 	Positive 
hs1856 	chr17:61,751,592-61,755,090 	MAP3K3(intragenic) 	Positive 
hs1857 	chr1:44,500,383-44,503,337 	SLC6A9-KLF17 	Positive 
hs1858 	chr11:33,964,286-33,967,857 	LMO2-CAPRIN1 	Positive 
hs1859 	chr11:8,226,046-8,230,683 	RIC3-LMO1 	Positive 
hs1860 	chr20:49,306,307-49,309,162 	LOC100506175-PARD6B 	Positive 
hs1862 	chr1:181,121,049-181,123,654 	IER5-GM140 	Positive 
hs1866 	chr10:94,513,996-94,517,989 	HHEX-EXOC6 	Positive 
hs1867 	chr2:170,869,607-170,871,165 	UBR3(intragenic) 	Positive 
hs1875 	chr12:54,426,638-54,427,789 	HOXC6-HOXC4 	Positive 
hs1877 	chr8:129,987,805-129,988,581 	MIR1208-LINC00977 	Positive 
hs1881 	chr15:44,171,247-44,173,891 	PIN4P1-CASC4 	Positive 
hs1882 	chr8:142,421,347-142,426,352 	GPR20-PTP4A3 	Positive 
hs1886 	chr2:232,527,256-232,532,109 	C2orf57-PTMA 	Positive 
hs1887 	chr6:35,457,129-35,460,603 	TEAD3(intragenic) 	Positive 
hs1891 	chr1:156,630,249-156,635,284 	BCAN-NES 	Positive 
hs1900 	chr19:13,163,511-13,167,355 	NFIX(intragenic) 	Positive 
hs1903 	chr14:77,506,871-77,511,353 	IRF2BPL-LOC102724190 	Positive 
hs1909 	chr2:43,444,721-43,447,298 	LOC102723854-ZFP36L2 	Positive 
hs1912 	chr1:3,262,093-3,266,365 	MIR4251-ARHGEF16 	Positive 
hs1915 	chr11:119,759,730-119,763,658 	PVRL1-TRIM29 	Positive 
hs1917 	chr17:17,439,186-17,444,187 	PEMT(intragenic) 	Positive 
hs1919 	chr2:96,923,702-96,927,090 	TMEM127(intragenic) 	Positive 
hs1920 	chr11:69,308,185-69,312,534 	MYEOV-CCND1 	Positive 
hs1922 	chr6:150,496,683-150,499,601 	PPP1R14C(intragenic) 	Positive 
hs1931 	chr14:100,039,652-100,044,326 	CCDC85C(intragenic) 	Positive 
hs1932 	chr15:99,257,740-99,262,228 	IGF1R(intragenic) 	Positive 
hs1933 	chr2:101,726,098-101,729,492 	TBC1D8(intragenic) 	Positive 
hs1937 	chr2:241,307,979-241,312,994 	OTOS-GPC1 	Positive 
hs1941 	chr2:120,244,633-120,249,040 	SCTR(intragenic) 	Positive 
hs1945 	chr2:238,522,379-238,526,567 	RAB17-LRRFIP1 	Positive 
hs1948 	chr19:41,936,986-41,938,891 	B3GNT8-ERICH4 	Positive 
hs1950 	chr10:93,348,489-93,351,723 	HECTD2-PPP1R3C 	Positive 
hs1951 	chr2:238,221,820-238,225,273 	COPS8-COL6A3 	Positive 
hs1955 	chr6:164,382,342-164,386,389 	QKI-C6orf118 	Positive 
hs1958 	chr10:3,087,624-3,090,443 	LINC00701-PFKP 	Positive 
hs1959 	chr16:82,767,609-82,770,047 	MIR8058-LOC101928446 	Positive 
hs1961 	chr3:37,805,999-37,809,080 	ITGA9-AS1(intragenic) 	Positive 
hs1962 	chr8:30,135,042-30,138,909 	DCTN6-RBPMS-AS1 	Positive 
hs1963 	chr9:134,110,296-134,115,184 	NUP214-FAM78A 	Positive 
hs1967 	chr2:47,295,775-47,299,432 	TTC7A(intragenic) 	Positive 
hs1968 	chr2:238,803,368-238,807,597 	RAMP1(intragenic) 	Positive 
hs1971 	chr20:56,014,710-56,019,293 	RBM38-CTCFL 	Positive 
hs1974 	chr10:79,972,390-79,977,332 	RPS24-LINC00856 	Positive 
hs1977 	chr11:17,434,517-17,436,675 	ABCC8(intragenic) 	Positive 
hs1979 	chr4:6,298,741-6,300,938 	WFS1(intragenic) 	Positive 
hs1980 	chr10:114,757,704-114,758,656 	TCF7L2(intragenic) 	Positive 
hs1989 	chr1:79,541,347-79,549,134 	ELTD1-LPHN2 	Positive 
hs1990 	chr3:158,486,256-158,493,372 	RARRES1-MFSD1 	Positive 
hs1991 	chr13:105,768,073-105,771,898 	MIR548AS-DAOA-AS1 	Positive 
hs1995 	chr3:80,596,701-80,604,762 	LOC101927374-GBE1 	Positive 
hs2007 	chr5:176,076,732-176,078,530 	TSPAN17(intragenic) 	Positive 
hs2026 	chr22:21,953,368-21,954,302 	UBE2L3(intragenic) 	Positive 
hs2027 	chr2:159,885,988-159,889,012 	TANC1(intragenic) 	Positive 
hs2033 	chr17:45,368,528-45,369,514 	ITGB3(intragenic) 	Positive 
hs2040 	chr2:68,419,973-68,421,991 	PPP3R1(intragenic) 	Positive 
hs2041 	chr3:141,579,463-141,580,810 	GRK7-ATP1B3 	Positive 
hs2048 	chr10:22,981,895-22,983,289 	PIP4K2A(intragenic) 	Positive 
hs2050 	chr20:30,261,538-30,264,882 	BCL2L1(intragenic) 	Positive 
hs2059 	chr7:50,564,242-50,565,706 	DDC(intragenic) 	Positive 
hs2060 	chr6:4,358,582-4,359,930 	LOC100507506-CDYL 	Positive 
hs2061 	chr6:7,163,950-7,166,054 	RREB1(intragenic) 	Positive 
hs2062 	chr9:38,038,695-38,040,099 	SHB(intragenic) 	Positive 
hs2063 	chr6:84,761,493-84,763,345 	MRAP2(intragenic) 	Positive 
hs2064 	chr6:52,253,728-52,256,212 	PAQR8(intragenic) 	Positive 
hs2065 	chr10:46,052,882-46,055,670 	MARCH8(intragenic) 	Positive 
hs2070 	chr1:246,469,251-246,471,350 	SMYD3(intragenic) 	Positive 
hs2071 	chr7:115,993,663-115,997,109 	TES-CAV2 	Positive 
hs2073 	chr11:69,054,197-69,056,378 	LOC338694-MYEOV 	Positive 
hs2077 	chr7:135,742,628-135,745,716 	MTPN-CHRM2 	Positive 
hs2078 	chr12:54,412,238-54,415,445 	HOXC5(intragenic) 	Positive 
hs2081 	chr7:107,587,162-107,588,892 	LAMB1(intragenic) 	Positive 
hs2082 	chr7:139,910,588-139,914,247 	JHDM1D-AS1-SLC37A3 	Positive 
hs2084 	chr21:35,915,964-35,919,662 	RCAN1(intragenic) 	Positive 
hs2088 	chr1:38,728,185-38,732,516 	LOC339442-RRAGC 	Positive 
hs2089 	chr1:212,704,746-212,707,293 	NENF-ATF3 	Positive 
hs2090 	chr11:44,289,927-44,293,764 	ALX4(intragenic) 	Positive 
hs2094 	chr1:10,795,106-10,799,241 	CASZ1(intragenic) 	Positive 
hs2096 	chr11:16,913,136-16,917,745 	PLEKHA7(intragenic) 	Positive 
hs2100 	chr4:148,973,160-148,977,273 	MIR4799-NR3C2 	Positive 
hs2101 	chr20:31,563,918-31,568,870 	MAPRE1-SUN5 	Positive 
hs2120 	chr3:171,039,744-171,043,753 	MIR569-TNIK 	Positive 
hs2123 	chr1:11,906,876-11,908,666 	NPPA-NPPB 	Positive 
hs2125 	chr1:11,945,528-11,949,490 	NPPB-KIAA2013 	Positive 
hs2126 	chr1:147,220,710-147,225,901 	ACP6-GJA5 	Positive 
hs2129 	chr1:156,072,303-156,076,849 	LMNA(intragenic) 	Positive 
hs2133 	chr1:230,886,439-230,890,074 	CAPN9(intragenic) 	Positive 
hs2135 	chr1:236,851,383-236,853,715 	ACTN2(intragenic) 	Positive 
hs2137 	chr1:237,160,612-237,163,517 	MTR-MT1HL1 	Positive 
hs2138 	chr1:237,174,518-237,176,845 	MT1HL1-RYR2 	Positive 
hs2142 	chr10:75,723,857-75,727,727 	PLAU-VCL 	Positive 
hs2143 	chr10:88,443,829-88,449,326 	LDB3(intragenic) 	Positive 
hs2144 	chr11:19,194,084-19,196,536 	ZDHHC13(intragenic) 	Positive 
hs2145 	chr11:19,227,932-19,231,643 	CSRP3(intragenic) 	Positive 
hs2149 	chr12:111,356,757-111,359,191 	MYL2-LOC100131138 	Positive 
hs2151 	chr12:22,044,071-22,045,600 	ABCC9(intragenic) 	Positive 
hs2155 	chr14:23,873,777-23,878,652 	MIR208A-MYH7 	Positive 
hs2157 	chr14:76,459,638-76,463,620 	IFT43(intragenic) 	Positive 
hs2160 	chr15:63,382,545-63,386,341 	TPM1-LACTB 	Positive 
hs2161 	chr15:73,666,606-73,670,858 	HCN4-C15orf60 	Positive 
hs2166 	chr18:29,066,159-29,070,306 	DSG3-DSG2 	Positive 
hs2169 	chr2:220,293,872-220,296,961 	DES-SPEG 	Positive 
hs2170 	chr2:71,718,006-71,721,213 	DYSF(intragenic) 	Positive 
hs2173 	chr20:32,009,624-32,013,185 	SNTA1(intragenic) 	Positive 
hs2174 	chr21:35,706,876-35,710,787 	LINC00310-KCNE2 	Positive 
hs2177 	chr3:38,619,853-38,622,987 	SCN5A(intragenic) 	Positive 
hs2179 	chr3:52,461,982-52,465,131 	PHF7-SEMA3G 	Positive 
hs2181 	chr5:137,029,967-137,032,927 	MIR874-HNRNPA0 	Positive 
hs2185 	chr5:172,692,201-172,696,969 	NKX2-5-STC2 	Positive 
hs2188 	chr6:118,857,205-118,859,776 	BRD7P3-PLN 	Positive 
hs2191 	chr6:7,561,160-7,562,735 	DSP(intragenic) 	Positive 
hs2192 	chr7:150,659,986-150,663,432 	KCNH2(intragenic) 	Positive 
hs2193 	chr7:151,383,342-151,387,674 	PRKAG2-PRKAG2-AS1 	Positive 
hs2194 	chr7:151,389,885-151,395,078 	PRKAG2-PRKAG2-AS1 	Positive 
hs2199 	chr7:151,450,033-151,453,713 	PRKAG2-PRKAG2-AS1 	Positive 
hs2200 	chr7:151,453,949-151,457,105 	PRKAG2-PRKAG2-AS1 	Positive 
hs2204 	chr8:11,557,315-11,561,006 	LINC00208-GATA4 	Positive 
hs2205 	chr8:11,596,784-11,601,556 	GATA4(intragenic) 	Positive 
hs2207 	chr9:139,462,959-139,468,347 	MIR4674-EGFL7 	Positive 
hs2216 	chr1:109,795,696-109,798,850 	CELSR2(intragenic) 	Positive 
hs2223 	chr10:79,935,570-79,940,095 	RPS24-LINC00856 	Positive 
hs2225 	chr20:31,112,334-31,117,114 	LOC101929698-LOC149950 	Positive 
hs2229 	chr5:176,816,376-176,819,189 	SLC34A1(intragenic) 	Positive 
hs2231 	chr15:31,595,790-31,600,208 	LOC283710-KLF13 	Positive 
hs2240 	chr22:32,019,365-32,023,822 	MIR7109-PRR14L 	Positive 
hs2248 	chr21:44,010,872-44,014,322 	SLC37A1-PDE9A 	Positive 
hs2263 	chr1:109,816,874-109,818,905 	CELSR2-PSRC1 	Positive 
hs2266 	chr3:38,572,887-38,576,032 	EXOG-SCN5A 	Positive 
hs2267 	chr3:38,584,158-38,586,744 	EXOG-SCN5A 	Positive 
hs2268 	chr3:38,763,627-38,768,407 	SCN10A(intragenic) 	Positive 
hs2271 	chr1:26,419,853-26,424,743 	TRIM63-PDIK1L 	Positive 
hs2286 	chr7:35,424,312-35,427,325 	LOC401324-HERPUD2 	Positive 
hs2289 	chr11:10,372,744-10,374,700 	CAND1.11(intragenic) 	Positive 
hs2291 	chr17:53,361,463-53,363,899 	HLF(intragenic) 	Positive 
hs2306 	chr7:18,868,716-18,870,405 	HDAC9-TWIST1 	Positive 
hs2307 	chr7:18,874,272-18,875,369 	HDAC9-TWIST1 	Positive 
hs2308 	chr7:95,705,089-95,705,696 	DYNC1I1(intragenic) 	Positive 
hs2309 	chr7:95,726,279-95,727,680 	DYNC1I1(intragenic) 	Positive 
hs2311 	chr7:96,124,918-96,125,415 	C7orf76(intragenic) 	Positive 
hs2312 	chr7:96,075,405-96,075,991 	MIR591-C7orf76 	Positive 
hs2313 	chr7:95,765,880-95,766,473 	SLC25A13(intragenic) 	Positive 
hs2315 	chr7:69,325,868-69,327,684 	AUTS2(intragenic) 	Positive 
hs2316 	chr7:69,646,374-69,649,029 	AUTS2(intragenic) 	Positive 
hs2317 	chr7:69,720,457-69,721,867 	AUTS2(intragenic) 	Positive 
hs2318 	chr7:69,731,835-69,734,096 	AUTS2(intragenic) 	Positive 
hs2319 	chr6:100,904,128-100,905,067 	SIM1(intragenic) 	Positive 
hs2321 	chr2:122,712,120-122,715,253 	TSN-CNTNAP5 	Positive 
hs2325 	chr5:125,344,507-125,346,243 	LOC101927460-LOC102546228 	Positive 
hs2326 	chr10:43,581,812-43,582,888 	RET(intragenic) 	Positive 
hs2327 	chr10:43,447,274-43,448,627 	BMS1-MIR5100 	Positive 
hs2328 	chr7:84,442,634-84,444,146 	LOC101927378-SEMA3D 	Positive 
hs2330 	chr14:23,911,613-23,912,923 	MIR208B-NGDN 	Positive 
hs2346 	chr4:23,932,061-23,933,692 	PPARGC1A-MIR573 	Positive 
hs2353 	chr10:97,267,716-97,269,342 	SORBS1(intragenic) 	Positive 
hs2357 	chr1:214,280,595-214,282,080 	PROX1-SMYD2 	Positive 
hs2374 	chr1:225,954,390-225,955,885 	ENAH-SRP9 	Positive 
hs2384 	chr2:20,778,294-20,779,806 	RHOB-HS1BP3-IT1 	Positive 
hs2414 	chr4:47,826,466-47,828,052 	MIR8053-NFXL1 	Positive 
hs2419 	chr7:82,039,621-82,041,108 	LOC101927356-PCLO 	Positive 
hs2493 	chr12:111,366,525-111,369,682 	MYL2-LOC100131138 	Positive 
hs2497 	chr10:43,476,085-43,477,685 	BMS1-MIR5100 	Positive 
hs2498 	chr10:43,551,890-43,553,889 	MIR5100-RET 	Positive 
hs2505 	chr7:95,256,851-95,261,581 	PDK4-DYNC1I1 	Positive 
hs2510 	chr15:88,943,403-88,946,491 	NTRK3-AS1-MRPL46 	Positive 
hs2514 	chr8:1,980,727-1,986,422 	KBTBD11-MYOM2 	Positive 
hs2540 	chr12:91,531,664-91,537,471 	LUM-DCN 	Positive 
hs2543 	chr22:18,267,677-18,270,858 	LINC00528-MICAL3 	Positive 
hs2553 	chr2:42,190,023-42,195,800 	C2orf91-PKDCC 	Positive 
