ID 		Mouse (mm9) 	Expression 
mm3 	chr12:112,380,949-112,381,824 	Rcor1-Traf3 	Positive 
mm4 	chr3:137,446,183-137,449,401 	Ddit4l-H2afz 	Positive 
mm5 	chr13:106,327,355-106,329,352 	Htr1a-Ipo11 	Positive 
mm7 	chr14:61,623,576-61,624,578 	Tnfrsf19(intragenic) 	Positive 
mm9 	chr8:47,855,925-47,857,600 	Irf2(intragenic) 	Positive 
mm10 	chr4:89,093,102-89,095,795 	Cdkn2b-Dmrta1 	Positive 
mm12 	chr12:100,576,830-100,579,481 	Foxn3(intragenic) 	Positive 
mm13 	chr15:13,321,649-13,325,391 	Cdh6-Cdh9 	Positive 
mm14 	chr13:59,191,545-59,195,519 	Ntrk2-Agtpbp1 	Positive 
mm15 	chr18:33,711,719-33,714,035 	Gm10549-2410004N09Rik 	Positive 
mm16 	chr12:45,503,506-45,506,757 	Nrcam(intragenic) 	Positive 
mm17 	chr15:99,637,507-99,640,125 	Lima1(intragenic) 	Positive 
mm18 	chr18:75,661,251-75,665,484 	Ctif(intragenic) 	Positive 
mm21 	chr8:87,252,801-87,256,604 	Nfix(intragenic) 	Positive 
mm27 	chr4:57,555,251-57,559,225 	1700042G15Rik-Palm2 	Positive 
mm28 	chr2:4,260,704-4,262,503 	Frmd4a(intragenic) 	Positive 
mm29 	chr9:61,448,651-61,451,473 	Tle3-Rplp1 	Positive 
mm30 	chr2:11,986,812-11,989,646 	Ankrd16-Itga8 	Positive 
mm34 	chr5:78,712,411-78,714,500 	Pea15b-Lphn3 	Positive 
mm36 	chr18:61,768,056-61,770,754 	Csnk1a1-LOC545261 	Positive 
mm38 	chr2:174,682,050-174,686,081 	Edn3-Gm14393 	Positive 
mm39 	chr5:93,560,103-93,564,752 	Sept11(intragenic) 	Positive 
mm40 	chr8:105,601,137-105,602,891 	Cdh11-4933400L20Rik 	Positive 
mm41 	chr13:3,740,315-3,743,791 	Asb13-Calml3 	Positive 
mm43 	chr5:19,584,950-19,588,606 	Magi2(intragenic) 	Positive 
mm45 	chr13:112,743,108-112,745,779 	Map3k1-Ankrd55 	Positive 
mm47 	chr7:149,754,817-149,759,817 	Nctc1-H19 	Positive 
mm48 	chr6:52,392,611-52,394,523 	Evx1-1700094M24Rik 	Positive 
mm49 	chr5:5,007,239-5,009,906 	Cdk14(intragenic) 	Positive 
mm50 	chr7:149,737,471-149,740,718 	Nctc1(intragenic) 	Positive 
mm51 	chr11:53,870,165-53,872,917 	Pdlim4(intragenic) 	Positive 
mm52 	chr10:85,756,972-85,760,162 	Syn3(intragenic) 	Positive 
mm55 	chr2:71,256,536-71,260,128 	Hat1(intragenic) 	Positive 
mm56 	chr4:82,561,277-82,564,175 	Frem1(intragenic) 	Positive 
mm57 	chr11:26,389,088-26,391,733 	Vrk2(intragenic) 	Positive 
mm60 	chr6:98,062,388-98,064,826 	Mitf-Gm765 	Positive 
mm62 	chr11:62,796,906-62,800,452 	Cdrt4(intragenic) 	Positive 
mm64 	chr19:53,790,059-53,791,936 	Rbm20(intragenic) 	Positive 
mm67 	chr11:65,022,357-65,023,959 	Myocd(intragenic) 	Positive 
mm68 	chr13:73,435,722-73,437,761 	Irx4-Ndufs6 	Positive 
mm69 	chr9:63,892,591-63,894,756 	1700055C04Rik-1110036E04Rik 	Positive 
mm70 	chr8:35,014,293-35,017,541 	Rbpms(intragenic) 	Positive 
mm71 	chr8:97,950,408-97,952,214 	Gtl3(intragenic) 	Positive 
mm72 	chr3:151,966,087-151,968,814 	Fam73a(intragenic) 	Positive 
mm73 	chr15:62,897,257-62,899,166 	H2afy3-LOC432958 	Positive 
mm74 	chr10:56,698,914-56,701,622 	Gja1-4930467K11Rik 	Positive 
mm75 	chr2:172,687,463-172,689,668 	Tfap2c-Bmp7 	Positive 
mm76 	chr18:33,450,904-33,453,872 	Stard4-D0H4S114 	Positive 
mm77 	chr5:122,542,227-122,544,777 	Cux2-Myl2 	Positive 
mm78 	chr12:84,173,382-84,175,400 	1700085C21Rik-Dpf3 	Positive 
mm79 	chr7:119,441,339-119,442,936 	Mical2(intragenic) 	Positive 
mm80 	chr4:131,631,431-131,635,142 	Epb4.1-Oprd1 	Positive 
mm81 	chr17:29,570,606-29,572,303 	Fgd2-Pim1 	Positive 
mm82 	chr17:73,371,503-73,373,491 	Lbh-Lclat1 	Positive 
mm84 	chr15:83,469,258-83,471,148 	Scube1(intragenic) 	Positive 
mm85 	chr11:65,462,408-65,465,145 	Gm12295-Map2k4 	Positive 
mm86 	chr3:20,044,305-20,045,900 	Gyg(intragenic) 	Positive 
mm87 	chr10:44,948,419-44,951,592 	Prep-Popdc3 	Positive 
mm89 	chr17:12,982,583-12,985,936 	Airn(intragenic) 	Positive 
mm90 	chr17:35,856,798-35,858,730 	Ddr1-4833427F10Rik 	Positive 
mm91 	chr15:84,047,967-84,051,143 	Samm50-Parvb 	Positive 
mm92 	chr2:172,860,299-172,862,341 	Rbm38-Ctcfl 	Positive 
mm94 	chr6:122,342,623-122,346,341 	Phc1-Rimklb 	Positive 
mm99 	chr8:122,894,800-122,896,576 	Fam92b-Gse1 	Positive 
mm100 	chr9:66,888,473-66,891,328 	Tpm1(intragenic) 	Positive 
mm101 	chr11:32,145,270-32,146,411 	Nprl3(intragenic) 	Positive 
mm102 	chr11:46,014,860-46,016,769 	Cyfip2(intragenic) 	Positive 
mm103 	chr12:12,185,902-12,186,724 	Tubb2a-ps2-Fam49a 	Positive 
mm104 	chr15:66,655,863-66,658,724 	Sla-Wisp1 	Positive 
mm106 	chr15:76,867,070-76,869,194 	Mb-Apol6 	Positive 
mm107 	chr16:92,427,698-92,430,376 	Rcan1(intragenic) 	Positive 
mm108 	chr17:7,472,842-7,474,317 	Rps6ka2(intragenic) 	Positive 
mm109 	chr18:57,056,572-57,058,645 	March3(intragenic) 	Positive 
mm111 	chr1:189,731,408-189,732,935 	Esrrg(intragenic) 	Positive 
mm113 	chr16:92,340,745-92,342,262 	4930563D23Rik-Kcne1 	Positive 
mm116 	chr10:14,183,470-14,184,368 	Gpr126(intragenic) 	Positive 
mm119 	chr1:191,011,153-191,012,480 	Kctd3-Kcnk2 	Positive 
mm122 	chr12:70,858,396-70,860,249 	Cdkl1(intragenic) 	Positive 
mm123 	chr6:72,165,180-72,168,822 	Atoh8(intragenic) 	Positive 
mm127 	chr11:86,399,698-86,401,331 	Mir21-Ptrh2 	Positive 
mm130 	chr9:24,691,516-24,694,512 	Tbx20-Herpud2 	Positive 
mm131 	chr5:132,705,022-132,706,230 	4930563F08Rik-Gatsl2 	Positive 
mm132 	chr13:46,666,689-46,669,718 	Cap2(intragenic) 	Positive 
mm134 	chr1:185,865,149-185,866,641 	Dusp10(intragenic) 	Positive 
mm136 	chr8:28,216,799-28,218,903 	Gpr124(intragenic) 	Positive 
mm138 	chr18:11,371,312-11,374,453 	Gata6-Rbbp8 	Positive 
mm139 	chr5:74,757,294-74,759,586 	Scfd2(intragenic) 	Positive 
mm140 	chr10:20,204,708-20,208,573 	Pde7b(intragenic) 	Positive 
mm143 	chr3:104,400,858-104,404,522 	Lrig2-Slc16a1 	Positive 
mm144 	chr5:120,585,787-120,586,943 	Gm10390(intragenic) 	Positive 
mm145 	chr4:120,064,208-120,066,551 	Foxo6-Scmh1 	Positive 
mm146 	chr11:77,235,971-77,237,943 	Ssh2(intragenic) 	Positive 
mm148 	chr1:67,841,503-67,843,038 	Cps1-Erbb4 	Positive 
mm149 	chr8:127,740,943-127,743,751 	Disc1(intragenic) 	Positive 
mm151 	chr8:33,052,477-33,055,465 	Nrg1-Gm8179 	Positive 
mm152 	chr18:80,526,858-80,529,100 	Kcng2(intragenic) 	Positive 
mm154 	chr11:11,856,745-11,857,746 	Grb10(intragenic) 	Positive 
mm156 	chr17:12,396,817-12,398,613 	Agpat4(intragenic) 	Positive 
mm165 	chr4:118,691,756-118,692,681 	Lao1-Slc2a1 	Positive 
mm169 	chr7:87,589,954-87,591,386 	Furin-Blm 	Positive 
mm170 	chr7:87,933,824-87,935,070 	Iqgap1(intragenic) 	Positive 
mm172 	chr8:80,511,214-80,513,034 	Ednra-Ttc29 	Positive 
mm173 	chr18:78,532,521-78,533,281 	Slc14a2(intragenic) 	Positive 
mm174 	chr7:132,907,561-132,908,867 	D430042O09Rik(intragenic) 	Positive 
mm178 	chr11:11,861,859-11,862,624 	Grb10(intragenic) 	Positive 
mm180 	chr13:34,919,435-34,920,768 	Fam50b-Prpf4b 	Positive 
mm182 	chr2:113,949,124-113,949,618 	Aqr(intragenic) 	Positive 
mm183 	chr7:150,297,965-150,298,873 	Kcnq1(intragenic) 	Positive 
mm186 	chr5:20,834,972-20,836,929 	Ccdc146(intragenic) 	Positive 
mm187 	chr5:93,056,779-93,057,403 	Ccdc158(intragenic) 	Positive 
mm190 	chr9:70,682,343-70,683,041 	Lipc(intragenic) 	Positive 
mm192 	chr13:41,738,581-41,740,052 	Tmem170b-Gm5082 	Positive 
mm194 	chr2:31,983,250-31,984,106 	Ppapdc3-Prrc2b 	Positive 
mm196 	chr8:122,815,912-122,818,693 	Fam92b-Gse1 	Positive 
mm200 	chr10:80,236,556-80,237,744 	Dot1l(intragenic) 	Positive 
mm210 	chr9:62,262,456-62,263,484 	Anp32a-Coro2b 	Positive 
mm213 	chr11:68,436,977-68,437,676 	Ccdc42-Myh10 	Positive 
mm228 	chr10:43,465,944-43,466,484 	F830002L21Rik-Qrsl1 	Positive 
mm235 	chr13:42,353,470-42,354,420 	Hivep1-Edn1 	Positive 
mm241 	chr8:123,694,003-123,695,039 	Foxl1-1700018B08Rik 	Positive 
mm243 	chr17:48,575,655-48,577,860 	Apobec2-Tspo2 	Positive 
mm244 	chr14:63,681,001-63,681,903 	2700070H01Rik-Ctsb 	Positive 
mm245 	chr14:63,986,626-63,988,682 	Gata4-Blk 	Positive 
mm247 	chr6:117,229,227-117,230,427 	Cxcl12-1700030F04Rik 	Positive 
mm251 	chr9:47,184,595-47,185,443 	Gm4791-Cadm1 	Positive 
mm253 	chr5:38,900,507-38,901,138 	Slc2a9-Wdr1 	Positive 
mm257 	chr18:75,662,017-75,663,321 	Ctif(intragenic) 	Positive 
mm260 	chr12:86,795,350-86,797,239 	Tmed10-Fos 	Positive 
mm261 	chr4:57,858,433-57,860,639 	Akap2(intragenic) 	Positive 
mm264 	chr11:87,235,852-87,237,215 	Tex14(intragenic) 	Positive 
mm265 	chr13:28,809,515-28,811,310 	2610307P16Rik(intragenic) 	Positive 
mm268 	chr16:34,049,726-34,050,766 	Kalrn(intragenic) 	Positive 
mm269 	chr19:21,348,574-21,349,333 	Zfand5(intragenic) 	Positive 
mm271 	chr2:152,224,827-152,225,462 	Sox12-Zcchc3 	Positive 
mm276 	chr17:49,830,106-49,831,273 	Kif6(intragenic) 	Positive 
mm279 	chr4:66,555,426-66,556,324 	Tlr4-Dbc1 	Positive 
mm282 	chr2:59,666,830-59,667,418 	Tanc1(intragenic) 	Positive 
mm291 	chr18:32,701,598-32,702,895 	Gypc(intragenic) 	Positive 
mm292 	chr12:53,329,835-53,330,413 	Nubpl(intragenic) 	Positive 
mm296 	chr12:90,222,342-90,223,370 	Nrxn3(intragenic) 	Positive 
mm303 	chr9:103,581,439-103,581,987 	4932413F04Rik-Nphp3 	Positive 
mm304 	chr18:68,218,430-68,219,367 	D18Ertd653e(intragenic) 	Positive 
mm308 	chr4:94,984,220-94,985,425 	Jun-Fggy 	Positive 
mm311 	chr3:145,627,063-145,627,893 	2410004B18Rik-Syde2 	Positive 
mm313 	chr10:96,170,954-96,171,491 	Btg1-4930556N09Rik 	Positive 
mm318 	chr4:154,608,788-154,610,276 	Ski-2610002J02Rik 	Positive 
mm321 	chr16:18,554,261-18,557,730 	Gnb1l(intragenic) 	Positive 
mm323 	chr8:124,191,855-124,194,841 	Zcchc14-Jph3 	Positive 
mm324 	chr19:47,982,949-47,985,086 	Itprip(intragenic) 	Positive 
mm325 	chr15:85,336,360-85,340,036 	7530416G11Rik-Wnt7b 	Positive 
mm329 	chr5:113,580,972-113,583,248 	2900026A02Rik(intragenic) 	Positive 
mm337 	chr2:28,379,879-28,382,466 	Ralgds(intragenic) 	Positive 
mm340 	chr14:35,007,307-35,009,236 	Ppyr1-Syt15 	Positive 
mm383 	chr16:15,194,506-15,196,209 	Efcab1-Ube2v2 	Positive 
mm384 	chr14:46,563,515-46,564,802 	Mir5131-Gm1821 	Positive 
mm387 	chr14:47,230,345-47,231,452 	Bmp4-Cdkn3 	Positive 
mm389 	chr5:19,999,592-20,000,707 	Magi2(intragenic) 	Positive 
mm394 	chr5:24,236,372-24,237,661 	Wdr86-Crygn 	Positive 
mm397 	chr5:93,426,293-93,427,320 	Shroom3-Sowahb 	Positive 
mm398 	chr6:4,433,463-4,435,322 	Bet1-Col1a2 	Positive 
mm400 	chr6:4,503,537-4,505,066 	Col1a2-Casd1 	Positive 
mm402 	chr6:50,771,118-50,773,588 	C530044C16Rik-Mir148a 	Positive 
mm403 	chr6:50,874,547-50,876,236 	C530044C16Rik-Mir148a 	Positive 
mm404 	chr6:50,906,955-50,908,237 	C530044C16Rik-Mir148a 	Positive 
mm405 	chr6:50,931,070-50,932,329 	C530044C16Rik-Mir148a 	Positive 
mm406 	chr6:50,933,966-50,934,809 	C530044C16Rik-Mir148a 	Positive 
mm407 	chr6:51,001,771-51,003,272 	C530044C16Rik-Mir148a 	Positive 
mm412 	chr6:51,807,234-51,808,613 	Snx10-Skap2 	Positive 
mm414 	chr14:22,932,437-22,935,173 	1700112E06Rik(intragenic) 	Positive 
mm417 	chr14:24,339,368-24,340,820 	Kcnma1(intragenic) 	Positive 
mm418 	chr2:4,218,373-4,222,502 	Frmd4a(intragenic) 	Positive 
mm419 	chr2:4,269,384-4,270,399 	Frmd4a(intragenic) 	Positive 
mm420 	chr2:4,282,954-4,283,735 	Frmd4a(intragenic) 	Positive 
mm422 	chr2:4,477,190-4,478,921 	Frmd4a(intragenic) 	Positive 
mm423 	chr2:4,508,631-4,509,808 	Frmd4a(intragenic) 	Positive 
mm425 	chr5:38,209,891-38,210,884 	Cytl1-Msx1 	Positive 
mm426 	chr5:38,216,908-38,220,459 	Msx1as-Stx18 	Positive 
mm427 	chr5:38,292,345-38,293,732 	Msx1as-Stx18 	Positive 
mm428 	chr5:38,308,981-38,309,833 	Msx1as-Stx18 	Positive 
mm429 	chr5:38,358,862-38,360,435 	Msx1as-Stx18 	Positive 
mm435 	chr3:121,750,389-121,752,165 	Abca4(intragenic) 	Positive 
mm439 	chr11:88,087,581-88,089,577 	Mrps23-1700106J16Rik 	Positive 
mm445 	chr19:58,446,412-58,447,552 	Gm10007-1700011F14Rik 	Positive 
mm447 	chr19:59,341,618-59,342,768 	Slc18a2(intragenic) 	Positive 
mm448 	chr19:59,497,704-59,500,060 	Pdzd8-Emx2 	Positive 
mm449 	chr19:60,091,345-60,092,740 	Rab11fip2-E330013P04Rik 	Positive 
mm451 	chr6:143,385,859-143,387,546 	D6Ertd474e-1700060C16Rik 	Positive 
mm457 	chr15:62,734,249-62,735,455 	H2afy3-LOC432958 	Positive 
mm458 	chr15:63,025,492-63,026,343 	H2afy3-LOC432958 	Positive 
mm463 	chr13:119,304,645-119,305,832 	Mrps30-1700003P14Rik 	Positive 
mm466 	chr16:15,084,685-15,085,801 	Efcab1-Ube2v2 	Positive 
mm467 	chr16:15,294,563-15,296,139 	Efcab1-Ube2v2 	Positive 
mm474 	chr3:88,042,154-88,043,297 	Mir9-1-Rhbg 	Positive 
mm485 	chr7:83,054,869-83,055,568 	Klhl25-Agbl1 	Positive 
mm489 	chr1:59,397,706-59,398,890 	Cdk15(intragenic) 	Positive 
mm491 	chr12:103,935,837-103,936,982 	Mir1936-Moap1 	Positive 
mm492 	chr3:28,389,991-28,390,831 	Tnik(intragenic) 	Positive 
mm503 	chr11:98,358,273-98,360,049 	Ikzf3(intragenic) 	Positive 
mm505 	chr1:134,229,247-134,231,039 	Nuak2-Tmcc2 	Positive 
mm510 	chr4:32,617,371-32,619,734 	Bach2(intragenic) 	Positive 
mm515 	chr2:75,260,259-75,262,633 	Mtx2-9430019J16Rik 	Positive 
mm529 	chr12:85,516,641-85,517,693 	C130039O16Rik(intragenic) 	Positive 
mm551 	chr3:9,346,755-9,348,294 	Zbtb10-C030034L19Rik 	Positive 
mm554 	chr3:40,018,497-40,019,542 	Fat4-1700017G19Rik 	Positive 
mm561 	chr2:25,987,803-25,989,243 	Nacc2-C330006A16Rik 	Positive 
mm567 	chr7:19,904,756-19,905,615 	Fosb-Ercc1 	Positive 
mm568 	chr11:94,742,242-94,745,125 	Gm11544-Col1a1 	Positive 
mm569 	chr10:119,989,014-119,990,653 	Mir763-4921513I03Rik 	Positive 
mm570 	chr15:79,780,367-79,782,895 	Cbx7-Pdgfb 	Positive 
mm573 	chr1:135,388,446-135,390,638 	Sox13-Snrpe 	Positive 
mm576 	chr3:97,745,834-97,746,810 	Gm5544(intragenic) 	Positive 
mm577 	chr9:36,860,924-36,862,863 	Pknox2(intragenic) 	Positive 
mm580 	chr6:121,037,160-121,038,164 	Mical3-Pex26 	Positive 
mm591 	chr17:46,022,641-46,024,681 	1600014C23Rik-Vegfa 	Positive 
mm594 	chr5:111,937,654-111,939,513 	Mn1-C130026L21Rik 	Positive 
mm595 	chr8:26,550,404-26,551,929 	5430421F17Rik-Fgfr1 	Positive 
mm599 	chr16:21,310,462-21,311,768 	A830060N17-Vps8 	Positive 
mm605 	chr13:119,639,280-119,640,197 	Fgf10-Nnt 	Positive 
mm607 	chr7:136,886,955-136,888,502 	Wdr11-Gm4265 	Positive 
mm610 	chr8:26,453,161-26,454,807 	5430421F17Rik-Fgfr1 	Positive 
mm612 	chr8:26,653,483-26,656,234 	Fgfr1(intragenic) 	Positive 
mm613 	chr1:56,343,174-56,344,387 	9130227L01Rik-Hsfy2 	Positive 
mm621 	chr5:112,006,325-112,007,316 	Mn1-C130026L21Rik 	Positive 
mm622 	chr5:112,030,282-112,031,759 	C130026L21Rik-E130006D01Rik 	Positive 
mm627 	chr11:111,424,414-111,425,316 	Kcnj2-BC006965 	Positive 
mm628 	chr11:111,429,836-111,430,753 	Kcnj2-BC006965 	Positive 
mm634 	chr11:112,273,179-112,274,981 	Kcnj2-BC006965 	Positive 
mm635 	chr11:112,641,565-112,642,353 	BC006965-Sox9 	Positive 
mm636 	chr11:112,874,947-112,876,275 	Sox9-2610035D17Rik 	Positive 
mm641 	chr15:60,989,192-60,990,286 	A1bg-D030024E09Rik 	Positive 
mm642 	chr15:60,684,551-60,685,842 	9930014A18Rik-A1bg 	Positive 
mm645 	chr2:160,070,229-160,070,893 	9130015L21Rik-Gm826 	Positive 
mm646 	chr1:194,624,287-194,626,894 	Hhat-1700065J18Rik 	Positive 
mm652 	chr13:15,756,187-15,757,138 	Gli3(intragenic) 	Positive 
mm657 	chr17:44,859,063-44,860,738 	Runx2(intragenic) 	Positive 
mm667 	chr2:57,194,360-57,196,867 	Gpd2(intragenic) 	Positive 
mm671 	chr2:137,678,066-137,680,577 	Jag1-Btbd3 	Positive 
mm673 	chr2:166,266,120-166,268,627 	Gm11468-5031425F14Rik 	Positive 
mm678 	chr5:99,796,912-99,799,425 	A930011G23Rik(intragenic) 	Positive 
mm680 	chr5:102,802,274-102,804,782 	Wdfy3-Arhgap24 	Positive 
mm683 	chr7:59,026,332-59,028,835 	Slc17a6-Fancf 	Positive 
mm686 	chr7:115,940,121-115,942,627 	Olfr513-Olfr514 	Positive 
mm687 	chr7:131,181,868-131,184,377 	Hs3st4(intragenic) 	Positive 
mm693 	chr10:36,203,387-36,205,893 	Frk-Hs3st5 	Positive 
mm694 	chr10:87,330,979-87,333,483 	Igf1(intragenic) 	Positive 
mm702 	chr13:63,727,252-63,729,759 	Ptch1-0610007P08Rik 	Positive 
mm703 	chr15:35,461,972-35,464,559 	Vps13b(intragenic) 	Positive 
mm708 	chr18:69,068,983-69,071,495 	4930546C10Rik(intragenic) 	Positive 
mm712 	chr1:164,004,162-164,007,691 	2810442N19Rik-Dnm3os 	Positive 
mm713 	chr1:164,760,588-164,764,098 	Fmo1(intragenic) 	Positive 
mm716 	chr2:33,730,850-33,734,359 	A630071L07Rik-Pbx3 	Positive 
mm717 	chr2:59,435,993-59,439,506 	Dapl1-Tanc1 	Positive 
mm718 	chr4:5,723,974-5,727,483 	Fam110b-Ubxn2b 	Positive 
mm720 	chr4:32,388,878-32,392,385 	Map3k7-Bach2 	Positive 
mm725 	chr7:117,306,323-117,309,835 	Wee1-Swap70 	Positive 
mm729 	chr7:90,960,428-90,963,938 	1700026D08Rik-Mesdc1 	Positive 
mm734 	chr9:41,697,093-41,700,596 	Mir125b-1-Sorl1 	Positive 
mm745 	chr13:60,247,042-60,250,560 	A530065N20-Gas1 	Positive 
mm751 	chr17:48,125,245-48,128,746 	Foxp4-1700122O11Rik 	Positive 
mm755 	chr17:29,599,358-29,603,061 	Fgd2-Pim1 	Positive 
mm757 	chr1:167,977,609-167,981,010 	Pou2f1-Dusp27 	Positive 
mm761 	chr8:80,195,632-80,196,541 	Ednra(intragenic) 	Positive 
mm762 	chr10:30,948,697-30,949,670 	Hey2-Hddc2 	Positive 
mm763 	chr10:30,772,887-30,773,894 	Hey2-Hddc2 	Positive 
mm764 	chr10:30,753,857-30,755,385 	Hey2-Hddc2 	Positive 
mm766 	chr10:30,717,463-30,718,805 	Hey2-Hddc2 	Positive 
mm768 	chr16:92,344,712-92,345,892 	4930563D23Rik-Kcne1 	Positive 
mm769 	chr16:92,340,779-92,342,260 	4930563D23Rik-Kcne1 	Positive 
mm770 	chr5:77,558,905-77,560,018 	Hopx-Spink2 	Positive 
mm771 	chr14:55,615,731-55,616,061 	Mir208b-Ngdn 	Positive 
mm774 	chr4:64,898,269-64,900,771 	Pappa(intragenic) 	Positive 
mm777 	chr2:65,500,451-65,502,962 	Scn3a-Scn2a1 	Positive 
mm780 	chr11:117,726,724-117,728,992 	Cldn27-Tha1 	Positive 
mm782 	chr10:52,461,618-52,464,960 	Slc35f1(intragenic) 	Positive 
mm790 	chr1:129,450,942-129,453,456 	Tmem163(intragenic) 	Positive 
mm795 	chr12:72,633,255-72,635,754 	Dact1-4930404H11Rik 	Positive 
mm799 	chr12:110,746,134-110,749,179 	Dlk1-Meg3 	Positive 
mm814 	chr4:54,624,098-54,627,608 	Tmem38b-Zfp462 	Positive 
mm815 	chr12:92,916,017-92,919,523 	Ston2(intragenic) 	Positive 
mm817 	chr16:91,139,390-91,142,515 	4932438H23Rik-Olig2 	Positive 
mm829 	chr14:99,407,818-99,411,860 	Dach1-Mzt1 	Positive 
mm832 	chr5:12,505,539-12,509,076 	Sema3d(intragenic) 	Positive 
mm849 	chr11:57,741,092-57,744,838 	Hand1-Larp1 	Positive 
mm871 	chr8:93,262,503-93,266,310 	Tox3-Chd9 	Positive 
mm876 	chr11:96,744,632-96,749,165 	Mir152-Cdk5rap3 	Positive 
mm878 	chr6:94,703,092-94,707,434 	Lrig1-4930511E03Rik 	Positive 
mm879 	chr18:61,064,203-61,066,875 	Tcof1-Arsi 	Positive 
mm881 	chr13:77,685,726-77,688,999 	2210408I21Rik(intragenic) 	Positive 
mm888 	chr3:99,063,702-99,067,487 	Tbx15(intragenic) 	Positive 
mm898 	chr9:87,943,415-87,945,786 	Tbx18-Nt5e 	Positive 
mm901 	chr1:93,859,505-93,862,537 	Hdac4(intragenic) 	Positive 
mm916 	chr19:58,493,721-58,494,961 	Gm10007-1700011F14Rik 	Positive 
mm917 	chr13:119,524,331-119,526,220 	Fgf10(intragenic) 	Positive 
mm919 	chr8:26,550,660-26,552,575 	5430421F17Rik-Fgfr1 	Positive 
mm921 	chr5:112,104,093-112,105,425 	C130026L21Rik-E130006D01Rik 	Positive 
mm922 	chr13:48,874,993-48,876,671 	Barx1-Phf2 	Positive 
mm924 	chr17:44,754,669-44,756,593 	Runx2(intragenic) 	Positive 
mm933 	chr13:116,476,827-116,478,248 	Pelo-Isl1 	Positive 
mm935 	chr1:195,275,523-195,276,379 	Camk1g-Mir205 	Positive 
mm938 	chr7:137,569,279-137,570,835 	Ate1(intragenic) 	Positive 
mm971 	chr1:135,077,245-135,080,794 	Ppp1r15b-Plekha6 	Positive 
mm976 	chr9:120,527,563-120,530,649 	Rpl14-1700020M21Rik 	Positive 
mm979 	chr13:37,402,835-37,405,679 	F13a1-Ly86 	Positive 
mm981 	chr11:77,719,512-77,721,230 	Pipox-Gm11190 	Positive 
mm984 	chr8:91,794,564-91,797,381 	Sall1-Tox3 	Positive 
mm985 	chr8:8,488,054-8,491,339 	Slc10a2-Efnb2 	Positive 
mm988 	chr16:30,872,748-30,875,402 	Fam43a-AI480653 	Positive 
mm996 	chr3:35,302,616-35,305,632 	Gm3143-Gm6639 	Positive 
mm997 	chr1:64,039,868-64,043,146 	Gm13749-Klf7 	Positive 
mm998 	chr11:114,196,889-114,198,926 	1700092K14Rik-4932435O22Rik 	Positive 
mm999 	chr11:96,746,513-96,749,479 	Mir152-Cdk5rap3 	Positive 
mm1001 	chr13:98,661,577-98,663,920 	Gm5086-Rgnef 	Positive 
mm1003 	chr10:120,083,099-120,086,511 	Mir763-4921513I03Rik 	Positive 
mm1010 	chr3:51,542,774-51,543,778 	Maml3(intragenic) 	Positive 
mm1017 	chr1:74,861,638-74,864,881 	Wnt10a-Cdk5r2 	Positive 
mm1018 	chr3:142,090,852-142,094,953 	Pdlim5-Gbp5 	Positive 
mm1036 	chr1:75,780,943-75,784,020 	Slc4a3-Gm17751 	Positive 
mm1042 	chr1:75,797,473-75,801,912 	Slc4a3-Gm17751 	Positive 
mm1045 	chr1:75,657,328-75,659,829 	Slc4a3-Gm17751 	Positive 
mm1046 	chr1:75,879,252-75,883,062 	Slc4a3-Gm17751 	Positive 
mm1052 	chr3:79,793,247-79,796,620 	Fam198b-Gria2 	Positive 
mm1054 	chr5:37,102,210-37,106,605 	D5Ertd579e-Cno 	Positive 
mm1061 	chr18:55,783,670-55,787,308 	Zfp608-Gramd3 	Positive 
mm1063 	chr1:94,685,679-94,689,499 	Otos-Gpc1 	Positive 
mm1064 	chr2:169,434,589-169,438,095 	1700017J07Rik-Tshz2 	Positive 
mm1087 	chr4:153,845,537-153,848,227 	Prdm16(intragenic) 	Positive 
mm1088 	chr4:154,145,214-154,146,454 	Actrt2-Ttc34 	Positive 
mm1090 	chr4:154,176,010-154,177,259 	Actrt2-Ttc34 	Positive 
mm1092 	chr1:78,055,978-78,058,082 	Epha4-Pax3 	Positive 
mm1095 	chr16:26,025,294-26,026,569 	Leprel1(intragenic) 	Positive 
mm1097 	chr16:26,040,924-26,042,929 	Leprel1(intragenic) 	Positive 
mm1098 	chr19:47,375,696-47,376,732 	Sh3pxd2a(intragenic) 	Positive 
mm1099 	chr2:114,633,416-114,634,555 	Atpbd4-4930528P14Rik 	Positive 
mm1102 	chr11:103,701,937-103,703,543 	Nsf(intragenic) 	Positive 
mm1103 	chr11:16,458,872-16,459,791 	Sec61g-Egfr 	Positive 
mm1105 	chr17:84,312,445-84,313,572 	Haao-4933433H22Rik 	Positive 
mm1108 	chr17:84,581,788-84,583,140 	4933433H22Rik-Zfp36l2 	Positive 
mm1109 	chr17:84,821,060-84,822,278 	Thada(intragenic) 	Positive 
mm1111 	chr14:105,881,390-105,884,180 	5430440P10Rik-4930449E01Rik 	Positive 
mm1112 	chr14:105,970,517-105,973,064 	4930449E01Rik-Spry2 	Positive 
mm1114 	chr14:106,378,589-106,380,054 	Spry2-Trim52 	Positive 
mm1122 	chr14:61,171,563-61,174,868 	Fam123a-Spata13 	Positive 
mm1164 	chr15:56,551,694-56,553,226 	Has2as-Slc22a22 	Positive 
mm1165 	chr5:38,476,616-38,477,909 	Stx18(intragenic) 	Positive 
mm1175 	chr13:83,711,025-83,711,643 	Mef2c(intragenic) 	Positive 
mm1176 	chr4:104,772,719-104,773,834 	Prkaa2(intragenic) 	Positive 
mm1177 	chr5:120,060,934-120,063,445 	AW549542-G630008E18 	Positive 
mm1179 	chr13:15,434,540-15,436,055 	AW209491-Gli3 	Positive 
mm1188 	chr12:54,975,298-54,977,609 	Npas3(intragenic) 	Positive 
mm1191 	chr5:24,000,311-24,001,818 	Agap3(intragenic) 	Positive 
mm1211 	chr8:94,236,336-94,240,424 	Fto-Irx3 	Positive 
mm1261 	chr4:106,697,141-106,699,010 	Ssbp3(intragenic) 	Positive 
mm1288 	chr14:55,622,602-55,623,750 	Mir208b-Ngdn 	Positive 
mm1290 	chr11:17,349,241-17,351,381 	C1d-Etaa1 	Positive 
mm1295 	chr8:129,189,321-129,191,656 	Irf2bp2-Tomm20 	Positive 
mm1296 	chr9:22,815,322-22,817,199 	Bbs9-Bmper 	Positive 
mm1297 	chr4:131,039,087-131,041,628 	Matn1-Ptpru 	Positive 
mm1298 	chr2:166,251,904-166,254,160 	Gm11468-5031425F14Rik 	Positive 
mm1299 	chr11:96,733,570-96,735,768 	Mir152-Cdk5rap3 	Positive 
mm1300 	chr13:51,315,634-51,318,066 	Nxnl2-S1pr3 	Positive 
mm1302 	chr9:102,545,648-102,547,512 	Anapc13-Amotl2 	Positive 
mm1304 	chr15:75,477,139-75,480,138 	Zfp41-Top1mt 	Positive 
mm1307 	chr13:34,377,263-34,382,362 	Slc22a23(intragenic) 	Positive 
mm1309 	chr11:117,204,339-117,209,430 	Sept9(intragenic) 	Positive 
mm1310 	chr12:12,714,218-12,718,924 	4921511I17Rik-Mycn 	Positive 
mm1312 	chr2:103,464,143-103,467,689 	Abtb2(intragenic) 	Positive 
mm1313 	chr2:130,315,050-130,319,592 	Ptpra(intragenic) 	Positive 
mm1314 	chr6:91,094,557-91,099,332 	Nup210-Hdac11 	Positive 
mm1315 	chr16:23,502,881-23,507,429 	Masp1(intragenic) 	Positive 
mm1316 	chr6:93,768,350-93,773,377 	Magi1(intragenic) 	Positive 
mm1317 	chr1:99,435,074-99,439,318 	Slco6c1-D1Ertd622e 	Positive 
mm1321 	chr6:39,491,754-39,496,348 	Dennd2a(intragenic) 	Positive 
mm1322 	chr18:65,673,857-65,677,447 	Malt1-Zfp532 	Positive 
mm1323 	chr11:98,762,967-98,767,955 	Wipf2-Cdc6 	Positive 
mm1324 	chr2:84,358,122-84,360,960 	Gm13710-Ctnnd1 	Positive 
mm1326 	chr17:30,685,485-30,689,495 	Gm6402-Glo1 	Positive 
mm1328 	chr2:101,430,145-101,434,498 	B230118H07Rik(intragenic) 	Positive 
mm1329 	chr18:34,290,952-34,294,024 	Epb4.1l4a-Gm10548 	Positive 
mm1330 	chr13:68,710,405-68,714,227 	Mtrr(intragenic) 	Positive 
mm1333 	chr1:40,002,455-40,007,317 	Map4k4(intragenic) 	Positive 
mm1334 	chr13:84,921,390-84,925,571 	Tmem161b-Ccnh 	Positive 
mm1335 	chr8:81,264,413-81,267,441 	Slc10a7-Lsm6 	Positive 
mm1336 	chr8:89,675,106-89,678,195 	N4bp1-Gm10637 	Positive 
mm1337 	chr9:40,879,722-40,882,770 	Ubash3b(intragenic) 	Positive 
mm1338 	chr12:5,273,244-5,276,374 	Klhl29(intragenic) 	Positive 
mm1340 	chr5:77,915,965-77,918,950 	Igfbp7-Pea15b 	Positive 
mm1341 	chr14:73,633,763-73,636,133 	Mir687-Lpar6 	Positive 
mm1343 	chr11:54,692,688-54,697,659 	Hint1-Gpx3 	Positive 
mm1344 	chr4:57,549,272-57,553,097 	1700042G15Rik-Palm2 	Positive 
mm1346 	chr2:165,845,157-165,848,962 	Ncoa3(intragenic) 	Positive 
mm1347 	chrX:96,761,917-96,764,647 	Pja1-Tmem28 	Positive 
mm1348 	chr11:107,623,487-107,625,498 	Cacng4(intragenic) 	Positive 
mm1351 	chr19:53,485,525-53,487,959 	Smndc1-5830416P10Rik 	Positive 
mm1352 	chr16:32,852,170-32,855,955 	1700021K19Rik(intragenic) 	Positive 
mm1359 	chr12:81,069,617-81,072,879 	Rad51l1-Zfp36l1 	Positive 
mm1361 	chr16:37,892,230-37,895,304 	Lrrc58-Gpr156 	Positive 
mm1367 	chr9:95,713,136-95,716,028 	Pls1(intragenic) 	Positive 
mm1368 	chr2:117,252,816-117,256,342 	Rasgrp1-4930412B13Rik 	Positive 
mm1369 	chr1:160,195,598-160,198,177 	Fam5b(intragenic) 	Positive 
mm1370 	chr3:76,269,644-76,273,343 	Fstl5(intragenic) 	Positive 
mm1371 	chr9:13,502,414-13,505,204 	Maml2(intragenic) 	Positive 
mm1372 	chr1:75,284,862-75,287,747 	Resp18-Dnpep 	Positive 
mm1375 	chr2:168,518,619-168,521,392 	Atp9a(intragenic) 	Positive 
mm1376 	chr13:12,594,345-12,597,146 	Edaradd(intragenic) 	Positive 
mm1377 	chr2:156,638,937-156,641,879 	Myl9-Tgif2 	Positive 
mm1379 	chr7:35,050,174-35,054,812 	4931406P16Rik(intragenic) 	Positive 
mm1385 	chr8:92,516,582-92,519,349 	Sall1-Tox3 	Positive 
mm1387 	chr4:131,588,028-131,592,067 	Epb4.1(intragenic) 	Positive 
mm1388 	chr3:51,711,493-51,714,567 	Maml3(intragenic) 	Positive 
mm1391 	chr2:132,252,190-132,254,838 	4921508D12Rik(intragenic) 	Positive 
mm1393 	chr12:80,896,781-80,899,359 	Rad51l1(intragenic) 	Positive 
mm1394 	chr8:118,687,658-118,690,168 	Maf-Dynlrb2 	Positive 
mm1395 	chrX:22,474,415-22,477,133 	Ppp1r2-ps7-Klhl13 	Positive 
mm1397 	chr7:83,582,528-83,585,249 	Agbl1(intragenic) 	Positive 
mm1400 	chr15:30,441,205-30,443,717 	Ctnnd2(intragenic) 	Positive 
mm1401 	chr7:142,329,604-142,332,301 	Fam196a-1700120G07Rik 	Positive 
mm1402 	chr2:170,661,529-170,664,941 	Dok5(intragenic) 	Positive 
mm1403 	chr13:39,972,062-39,974,802 	Slc35b3-Ofcc1 	Positive 
mm1406 	chr9:120,511,026-120,513,650 	Rpl14-1700020M21Rik 	Positive 
mm1407 	chr7:116,850,326-116,855,192 	D930014E17Rik(intragenic) 	Positive 
mm1415 	chr3:89,094,112-89,097,133 	Efna1-Efna3 	Positive 
mm1416 	chr1:12,499,257-12,501,974 	A830018L16Rik-4932411L15 	Positive 
mm1417 	chr15:102,789,322-102,791,523 	Hoxc11-Hoxc10 	Positive 
mm1426 	chr10:21,340,507-21,343,330 	1700020N01Rik-Gm5420 	Positive 
mm1444 	chr12:88,163,880-88,168,062 	Gm6772-6430527G18Rik 	Positive 
mm1445 	chr1:135,957,131-135,962,749 	Fmod-Btg2 	Positive 
mm1446 	chr14:25,926,641-25,930,222 	Rps24-4930572O13Rik 	Positive 
mm1447 	chr2:20,930,433-20,933,869 	Gm13375-Enkur 	Positive 
mm1449 	chr15:98,797,910-98,802,972 	Tuba1a-4930578M01Rik 	Positive 
mm1451 	chr5:112,665,149-112,669,540 	Miat-Cryba4 	Positive 
mm1452 	chr3:51,591,774-51,595,791 	Maml3(intragenic) 	Positive 
mm1454 	chr2:24,980,365-24,983,610 	Noxa1-Nrarp 	Positive 
mm1456 	chr12:111,184,714-111,188,504 	Mir3072-3110009F21Rik 	Positive 
mm1457 	chr18:38,538,595-38,541,292 	Gnpda1-Ndfip1 	Positive 
mm1458 	chr8:96,440,682-96,443,641 	4930488L21Rik-Amfr 	Positive 
mm1460 	chr1:135,082,557-135,086,070 	Ppp1r15b-Plekha6 	Positive 
mm1461 	chr2:154,251,162-154,254,198 	Snta1-Cbfa2t2 	Positive 
mm1462 	chr11:113,644,681-113,649,107 	Sdk2(intragenic) 	Positive 
mm1463 	chr5:21,237,397-21,240,250 	Napepld-Pmpcb 	Positive 
mm1464 	chr8:129,349,433-129,352,469 	Irf2bp2-Tomm20 	Positive 
mm1469 	chr12:81,160,952-81,166,097 	Rad51l1-Zfp36l1 	Positive 
mm1470 	chr6:90,730,489-90,734,235 	Iqsec1-Nup210 	Positive 
mm1471 	chr16:35,584,609-35,589,859 	Sema5b(intragenic) 	Positive 
mm1473 	chr9:72,486,901-72,489,273 	Rfx7-Nedd4 	Positive 
mm1474 	chr6:72,660,173-72,662,946 	Gm15401-Kcmf1 	Positive 
mm1475 	chr9:106,256,435-106,260,650 	Poc1a-Dusp7 	Positive 
mm1476 	chr2:128,537,911-128,541,555 	Mertk(intragenic) 	Positive 
mm1478 	chr15:90,846,953-90,850,479 	Kif21a(intragenic) 	Positive 
mm1480 	chr6:112,758,522-112,762,994 	Srgap3(intragenic) 	Positive 
mm1481 	chr11:120,176,187-120,178,740 	Bahcc1-Actg1 	Positive 
mm1483 	chr8:93,384,870-93,387,389 	Chd9(intragenic) 	Positive 
mm1484 	chr7:130,240,208-130,243,381 	Rbbp6-Tnrc6a 	Positive 
mm1485 	chr14:25,080,914-25,083,731 	Dlg5-E330034G19Rik 	Positive 
mm1486 	chr9:41,035,985-41,038,628 	1700063D05Rik-3110039I08Rik 	Positive 
mm1488 	chr17:10,526,428-10,530,039 	1700110C19Rik-Pacrg 	Positive 
mm1489 	chr7:147,242,712-147,244,979 	Msx3-Caly 	Positive 
mm1490 	chr4:108,033,623-108,037,133 	2010305A19Rik-Fam159a 	Positive 
mm1492 	chr4:154,081,524-154,085,271 	Actrt2-Ttc34 	Positive 
mm1493 	chr9:41,757,223-41,762,608 	Mir125b-1-Sorl1 	Positive 
mm1494 	chr4:136,310,237-136,314,716 	Ephb2(intragenic) 	Positive 
mm1496 	chr11:94,019,969-94,023,491 	Spag9-Tob1 	Positive 
mm1497 	chr7:152,390,782-152,393,601 	Ccnd1-Tpcn2 	Positive 
mm1498 	chr14:20,803,684-20,807,287 	Gng2-1810063B07Rik 	Positive 
mm1499 	chr17:66,827,736-66,831,485 	1110012J17Rik-Rab12 	Positive 
mm1500 	chr14:67,111,578-67,115,956 	Stmn4-Adra1a 	Positive 
mm1502 	chr14:76,653,697-76,657,019 	Nufip1-Tsc22d1 	Positive 
mm1503 	chr14:41,768,571-41,772,614 	Tspan14(intragenic) 	Positive 
mm1504 	chr16:44,528,859-44,534,627 	Boc(intragenic) 	Positive 
mm1505 	chr3:101,198,724-101,203,222 	Igsf3(intragenic) 	Positive 
mm1506 	chr4:139,153,356-139,157,251 	Iffo2(intragenic) 	Positive 
mm1509 	chr9:62,905,817-62,908,296 	Pias1-Skor1 	Positive 
mm1514 	chr7:89,862,378-89,865,602 	Eftud1(intragenic) 	Positive 
mm1515 	chr2:166,040,689-166,042,891 	Sulf2-Gm11468 	Positive 
mm1516 	chr6:89,191,339-89,193,913 	Gm839-Plxna1 	Positive 
mm1518 	chr9:63,806,122-63,809,358 	Smad6(intragenic) 	Positive 
mm1522 	chr5:114,748,732-114,751,219 	Foxn4-Myo1h 	Positive 
mm1524 	chr6:52,315,158-52,318,218 	Evx1-1700094M24Rik 	Positive 
mm1525 	chr17:28,242,662-28,245,588 	Tcp11-Scube3 	Positive 
mm1526 	chr11:113,168,953-113,171,862 	Slc39a11(intragenic) 	Positive 
mm1527 	chr4:106,537,193-106,539,896 	Acot11-Ssbp3 	Positive 
mm1529 	chr3:34,310,580-34,311,526 	Dnajc19-Sox2ot 	Positive 
mm1530 	chr11:62,779,280-62,781,782 	Cdrt4(intragenic) 	Positive 
mm1531 	chr6:127,200,155-127,202,435 	9330179D12Rik-Parp11 	Positive 
mm1532 	chr4:148,233,580-148,235,065 	Casz1(intragenic) 	Positive 
mm1533 	chr5:125,695,333-125,697,123 	Ncor2-Scarb1 	Positive 
mm1534 	chr7:100,209,379-100,212,136 	Prcp-Fam181b 	Positive 
mm1537 	chr3:104,344,457-104,346,594 	Lrig2-Slc16a1 	Positive 
mm1538 	chr17:63,201,276-63,204,288 	Efna5(intragenic) 	Positive 
mm1540 	chr8:110,767,723-110,770,731 	Psmd7-Zfhx3 	Positive 
mm1541 	chr3:5,386,841-5,389,926 	Zfhx4(intragenic) 	Positive 
mm1542 	chr14:64,204,166-64,206,374 	Mtmr9-Xkr6 	Positive 
mm1546 	chr1:9,638,304-9,641,046 	3110035E14Rik-Mybl1 	Positive 
mm1548 	chr6:145,803,566-145,805,566 	Rassf8-Bhlhe41 	Positive 
mm1549 	chr3:127,408,166-127,410,166 	Alpk1(intragenic) 	Positive 
mm1552 	chr19:41,789,892-41,792,728 	Slit1(intragenic) 	Positive 
mm1553 	chr9:86,079,916-86,081,983 	Tpbg-Ube2cbp 	Positive 
mm1555 	chr11:26,672,020-26,674,013 	Vrk2-Gm12070 	Positive 
mm1556 	chr13:76,949,140-76,951,140 	Mctp1(intragenic) 	Positive 
mm1557 	chr6:65,259,696-65,261,683 	Hpgds-C130060K24Rik 	Positive 
mm1558 	chr7:124,829,221-124,831,130 	Xylt1-Rps15a 	Positive 
mm1561 	chr2:163,014,399-163,017,272 	Gtsf1l-Tox2 	Positive 
mm1562 	chr19:21,238,907-21,241,940 	Tmc1-Zfand5 	Positive 
mm1564 	chr2:60,623,717-60,625,620 	Rbms1(intragenic) 	Positive 
mm1565 	chr13:52,015,282-52,017,501 	Gadd45g-4921525O09Rik 	Positive 
mm1566 	chr4:148,358,843-148,361,360 	Pex14(intragenic) 	Positive 
mm1567 	chr8:90,183,015-90,185,433 	4933402J07Rik-Zfp423 	Positive 
mm1569 	chr5:65,806,214-65,807,811 	Ugdh(intragenic) 	Positive 
mm1570 	chr14:49,740,815-49,742,308 	Mudeng-Naa30 	Positive 
mm1571 	chr15:95,469,175-95,471,880 	Dbx2(intragenic) 	Positive 
mm1574 	chr7:143,580,983-143,582,899 	C230079O03-Gm6249 	Positive 
mm1575 	chr1:59,390,767-59,392,277 	Cdk15(intragenic) 	Positive 
mm1576 	chr5:16,284,041-16,285,489 	Hgf-Speer4f 	Positive 
mm1577 	chr3:5,348,379-5,351,461 	Zfhx4(intragenic) 	Positive 
mm1581 	chr18:55,944,508-55,946,871 	Zfp608-Gramd3 	Positive 
mm1583 	chr11:85,670,731-85,673,756 	Tbx2-Tbx4 	Positive 
mm1584 	chr15:73,985,897-73,988,884 	Gm628-Bai1 	Positive 
mm1586 	chr7:56,004,371-56,006,350 	Mrgprb3-Zdhhc13 	Positive 
mm1597 	chr6:89,563,033-89,565,849 	Chchd6-Txnrd3 	Positive 
mm1598 	chr8:27,942,958-27,945,330 	2310008N11Rik-Zfp703 	Positive 
mm1599 	chr2:58,337,946-58,340,330 	Acvr1(intragenic) 	Positive 
mm1600 	chr14:22,492,662-22,494,922 	Myst4-Dupd1 	Positive 
mm1601 	chr1:61,259,046-61,261,426 	Icos-9530026F06Rik 	Positive 
mm1603 	chr2:93,118,045-93,121,052 	Tspan18(intragenic) 	Positive 
mm1604 	chr12:107,210,896-107,213,331 	Papola-Vrk1 	Positive 
mm1605 	chr13:34,239,797-34,242,857 	Tubb2b-Psmg4 	Positive 
mm1606 	chr12:112,930,182-112,933,710 	Trmt61a-Bag5 	Positive 
mm1607 	chr5:125,873,121-125,875,969 	Ubc-Dhx37 	Positive 
mm1608 	chr9:41,543,061-41,546,044 	Mir125b-1-Sorl1 	Positive 
mm1609 	chr12:27,744,939-27,747,964 	Cmpk2-Gm20187 	Positive 
mm1610 	chr19:21,858,276-21,860,632 	Tmem2(intragenic) 	Positive 
mm1611 	chr12:81,024,749-81,027,839 	Rad51l1-Zfp36l1 	Positive 
mm1612 	chr2:30,501,751-30,503,983 	Cstad-Mir3089 	Positive 
mm1613 	chrX:12,817,957-12,821,119 	2010308F09Rik-Ddx3x 	Positive 
mm1614 	chr18:36,007,337-36,010,053 	Cxxc5(intragenic) 	Positive 
mm1615 	chr8:87,265,760-87,268,939 	Nfix(intragenic) 	Positive 
mm1616 	chr3:86,953,474-86,955,925 	Kirrel(intragenic) 	Positive 
mm1617 	chr9:43,060,192-43,063,272 	Oaf-D630033O11Rik 	Positive 
mm1619 	chr5:143,761,511-143,763,801 	Rnf216(intragenic) 	Positive 
mm1620 	chr17:46,754,834-46,757,146 	Ptk7(intragenic) 	Positive 
mm1622 	chr11:118,099,686-118,102,499 	Cyth1(intragenic) 	Positive 
mm1623 	chr18:60,828,749-60,831,461 	G630071F17-Ndst1 	Positive 
mm1624 	chr9:40,537,860-40,540,490 	9030425E11Rik(intragenic) 	Positive 
mm1626 	chr5:137,336,940-137,340,805 	Emid2(intragenic) 	Positive 
mm1627 	chr9:118,888,604-118,890,906 	Ctdspl(intragenic) 	Positive 
mm1629 	chr16:17,809,304-17,811,246 	Scarf2-B830017H08Rik 	Positive 
mm1630 	chr1:74,156,810-74,159,237 	Tns1(intragenic) 	Positive 
mm1632 	chr18:9,215,671-9,216,932 	Fzd8-Gjd4 	Positive 
mm1633 	chr4:11,688,389-11,690,913 	Cdh17(intragenic) 	Positive 
mm1635 	chr15:99,250,385-99,251,988 	Tmbim6-Nckap5l 	Positive 
mm1636 	chr16:97,067,207-97,069,575 	Dscam(intragenic) 	Positive 
mm1637 	chr16:44,671,395-44,673,229 	Mir3081-BC027231 	Positive 
mm1639 	chr17:91,094,720-91,097,010 	Nrxn1(intragenic) 	Positive 
mm1641 	chr19:36,970,730-36,972,651 	Tnks2-Fgfbp3 	Positive 
mm1642 	chr8:122,871,226-122,872,977 	Fam92b-Gse1 	Positive 
mm1643 	chr1:41,331,321-41,332,891 	4930448I06Rik-2610017I09Rik 	Positive 
mm1644 	chr15:77,628,190-77,631,729 	Myh9(intragenic) 	Positive 
mm1645 	chr17:26,986,091-26,989,742 	Nkx2-5-Kifc5b 	Positive 
mm1646 	chr2:163,188,189-163,191,207 	Jph2(intragenic) 	Positive 
mm1647 	chr7:137,811,417-137,814,532 	Tacc2(intragenic) 	Positive 
mm1648 	chr4:134,809,382-134,812,065 	Clic4(intragenic) 	Positive 
mm1650 	chr3:79,493,450-79,495,049 	Rxfp1(intragenic) 	Positive 
mm1651 	chr8:94,490,230-94,492,202 	Irx3-4933436C20Rik 	Positive 
mm1653 	chr3:126,425,779-126,427,890 	Camk2d(intragenic) 	Positive 
mm1654 	chr19:32,181,141-32,182,808 	Asah2-Sgms1 	Positive 
mm1658 	chr17:69,529,964-69,531,837 	Epb4.1l3(intragenic) 	Positive 
mm1660 	chr13:84,197,836-84,200,679 	2810049E08Rik-Tmem161b 	Positive 
mm1661 	chr9:121,220,832-121,224,065 	Ulk4-Trak1 	Positive 
mm1663 	chr10:60,276,526-60,279,591 	Unc5b(intragenic) 	Positive 
mm1664 	chr18:35,998,889-36,002,582 	Cxxc5(intragenic) 	Positive 
mm1665 	chr8:127,166,812-127,169,652 	2310022B05Rik(intragenic) 	Positive 
mm1666 	chr8:107,132,337-107,136,514 	Cdh16(intragenic) 	Positive 
mm1668 	chr4:45,518,952-45,522,289 	Shb(intragenic) 	Positive 
mm1672 	chr16:90,449,561-90,451,327 	Hunk(intragenic) 	Positive 
mm1673 	chr2:157,299,241-157,303,133 	Src-Blcap 	Positive 
mm1674 	chr8:122,947,808-122,951,205 	Fam92b-Gse1 	Positive 
mm1675 	chr11:96,763,027-96,765,985 	Mir152-Cdk5rap3 	Positive 
mm1677 	chr1:173,945,900-173,948,913 	Vangl2(intragenic) 	Positive 
mm1678 	chr14:26,404,648-26,407,942 	Mir3075-Ppif 	Positive 
mm1679 	chr15:72,850,849-72,853,749 	Trappc9(intragenic) 	Positive 
mm1683 	chr7:146,652,275-146,655,509 	Inpp5a(intragenic) 	Positive 
mm1684 	chr4:128,391,658-128,394,259 	Phc2(intragenic) 	Positive 
mm1686 	chr8:114,240,105-114,242,282 	Bcar1(intragenic) 	Positive 
mm1687 	chr8:59,310,108-59,312,623 	Fbxo8-Hand2 	Positive 
mm1688 	chr8:59,393,348-59,395,551 	Fbxo8-Hand2 	Positive 
mm1689 	chr8:59,461,837-59,463,756 	Fbxo8-Hand2 	Positive 
mm1691 	chr17:47,657,734-47,660,536 	Ccnd3(intragenic) 	Positive 
mm1692 	chr10:66,464,666-66,468,095 	1700023F02Rik-Reep3 	Positive 
mm1693 	chr2:172,912,148-172,914,368 	Rbm38-Ctcfl 	Positive 
mm1694 	chr1:156,885,959-156,888,862 	Cacna1e-Ier5 	Positive 
mm1695 	chr2:4,173,065-4,174,983 	Frmd4a(intragenic) 	Positive 
mm1696 	chr9:22,887,576-22,889,154 	Bbs9-Bmper 	Positive 
mm1697 	chr9:117,100,332-117,102,797 	Rbms3(intragenic) 	Positive 
mm1699 	chr12:81,044,785-81,047,222 	Rad51l1-Zfp36l1 	Positive 
mm1702 	chr5:150,154,734-150,156,942 	Alox5ap-6330406I15Rik 	Positive 
mm1711 	chr18:80,296,671-80,299,326 	Pard6g(intragenic) 	Positive 
mm1713 	chr6:93,122,032-93,124,004 	9530026P05Rik-Magi1 	Positive 
mm1716 	chr15:64,065,076-64,067,225 	Asap1(intragenic) 	Positive 
mm1717 	chr2:67,465,349-67,467,097 	Xirp2-B3galt1 	Positive 
mm1719 	chr19:3,638,247-3,639,522 	Lrp5(intragenic) 	Positive 
mm1722 	chr6:71,939,327-71,942,055 	Polr1a-9130221F21Rik 	Positive 
mm1724 	chr11:52,690,526-52,692,005 	Fstl4(intragenic) 	Positive 
mm1725 	chr5:65,268,023-65,270,020 	Klf3-Tlr1 	Positive 
mm1730 	chr4:139,658,785-139,661,609 	Igsf21(intragenic) 	Positive 
mm1731 	chr5:113,092,065-113,094,155 	1700034G24Rik-Myo18b 	Positive 
mm1732 	chr1:139,274,730-139,276,059 	Nr5a2-Mir181a-1 	Positive 
mm1733 	chr17:32,316,447-32,317,853 	Notch3-Ephx3 	Positive 
mm1736 	chr6:94,597,413-94,598,988 	Lrig1(intragenic) 	Positive 
mm1737 	chr2:45,080,648-45,082,244 	Gm13476-1700019E08Rik 	Positive 
mm1738 	chr14:22,178,081-22,179,605 	Adk(intragenic) 	Positive 
mm1745 	chr17:67,045,365-67,047,622 	Ptprm(intragenic) 	Positive 
mm1749 	chr8:127,607,264-127,608,820 	Disc1(intragenic) 	Positive 
mm1750 	chr6:143,447,122-143,449,176 	D6Ertd474e-1700060C16Rik 	Positive 
mm1751 	chr8:13,622,329-13,626,370 	Rasa3(intragenic) 	Positive 
mm1753 	chr7:19,802,328-19,804,367 	Gpr4(intragenic) 	Positive 
mm1754 	chr9:55,296,732-55,298,868 	AI118078-Etfa 	Positive 
